ID,Name,Age,Gender,Department,Salary,Joining Date,Performance Score,Experience,Status,Location,Bonus,Normalized Salary,Experience Level,Age Group,Salary Rank,Year Joined,Monthly Salary,Employee ID,Projects,Team Lead,Salary Increase %
938.0,GARY MITCHELL,52,FEMALE,SALES,9963,9/22/2016,5.0,20,RETIRED,LOS ANGELES,996.3,0.9962396590624216,SENIOR,MIDDLE-AGED,1,2016,830.25,938.0,Project D,,67.70435894183197
909.0,SARA MARTINEZ,34,OTHER,HR,9951,2/18/2024,2.9,6,RETIRED,NEW YORK,995.1,0.9947355226873903,MID,MIDDLE-AGED,2,2024,829.25,909.0,Project C,Prajwal,66.14074630603555
121.0,DAVID HAMPTON,39,FEMALE,HR,9941,7/6/2024,3.0,15,RETIRED,NEW YORK,994.1,0.9934820757081976,SENIOR,MIDDLE-AGED,3,2024,828.4166666666666,121.0,Project D,Prajwal,65.97378746139077
290.0,SARA STOKES,30,FEMALE,IT,9921,10/1/2018,3.0,2,RETIRED,NEW YORK,992.1,0.990975181749812,JUNIOR,MIDDLE-AGED,2,2018,826.75,290.0,Project C,Ayush,70.6224161231695
595.0,MICHELLE SMITH,35,OTHER,SALES,9906,12/18/2018,2.9,9,ACTIVE,LOS ANGELES,990.6,0.9890950112810228,SENIOR,MIDDLE-AGED,5,2018,825.5,595.0,Project C,,66.74489407585943
86.0,CHASE TAYLOR,29,OTHER,IT,9901,10/4/2017,2.0,7,ACTIVE,REMOTE,990.1,0.9884682877914264,MID,YOUNG,3,2017,825.0833333333334,86.0,Project C,Ayush,70.27845399007168
707.0,ANGELA ROBERTS,42,MALE,IT,9871,7/9/2018,2.9,5,RETIRED,LOS ANGELES,987.1,0.9847079468538481,MID,MIDDLE-AGED,4,2018,822.5833333333334,707.0,Project D,Ayush,69.76251079042497
518.0,ANTHONY SANCHEZ DVM,37,OTHER,IT,9844,11/28/2020,2.9,4,ACTIVE,LOS ANGELES,984.4,0.9813236400100276,MID,MIDDLE-AGED,5,2020,820.3333333333334,518.0,Project A,Ayush,69.29816191074293
899.0,TIFFANY JORDAN,44,MALE,SALES,9819,7/15/2022,2.9,13,ACTIVE,NEW YORK,981.9,0.9781900225620457,SENIOR,MIDDLE-AGED,6,2022,818.25,899.0,Project C,,65.2804477014803
113.0,LUKE MCPHERSON,34,OTHER,IT,9812,1/29/2016,3.0,13,ACTIVE,NEW YORK,981.2,0.9773126096766107,SENIOR,MIDDLE-AGED,7,2016,817.6666666666666,113.0,Project A,Ayush,68.74782249778643
618.0,TIFFANY RICHARDSON,36,OTHER,IT,9775,11/24/2018,4.0,5,ACTIVE,LOS ANGELES,977.5,0.9726748558535974,MID,MIDDLE-AGED,9,2018,814.5833333333334,618.0,Project B,Ayush,68.11149255155547
920.0,CHERYL SINGH,56,OTHER,HR,9761,5/14/2020,2.9,6,RETIRED,LOS ANGELES,976.1,0.9709200300827275,MID,MIDDLE-AGED,6,2020,813.4166666666666,920.0,Project D,Prajwal,62.96852825778445
159.0,ERIN HARRISON,34,MALE,HR,9719,7/31/2019,2.0,2,RETIRED,REMOTE,971.9,0.9656555527701178,JUNIOR,MIDDLE-AGED,7,2019,809.9166666666666,159.0,Project B,Prajwal,62.26730111027632
757.0,JAMES JAMES,38,MALE,SALES,9666,4/14/2016,2.9,15,ACTIVE,LOS ANGELES,966.6,0.959012283780396,SENIOR,MIDDLE-AGED,8,2016,805.5,757.0,Project D,,62.705042008606625
779.0,DAVID NELSON,39,OTHER,SALES,9653,8/8/2021,2.9,19,RETIRED,NEW YORK,965.3,0.9573828027074455,SENIOR,MIDDLE-AGED,10,2021,804.4166666666666,779.0,Project A,,62.486216688297105
517.0,CHRISTINA LOWE,35,FEMALE,SALES,9630,7/3/2018,2.9,2,ACTIVE,LOS ANGELES,963.0,0.9544998746553021,JUNIOR,MIDDLE-AGED,11,2018,802.5,517.0,Project D,,62.099064198518704
704.0,CHERYL CHAMBERS,42,OTHER,IT,9621,11/18/2018,2.0,16,ACTIVE,REMOTE,962.1,0.9533717723740286,SENIOR,MIDDLE-AGED,11,2018,801.75,704.0,Project A,Ayush,65.46298412670232
933.0,KRISTIN COLE,50,MALE,SALES,9616,2/3/2017,2.0,13,RETIRED,REMOTE,961.6,0.9527450488844322,SENIOR,MIDDLE-AGED,12,2017,801.3333333333334,933.0,Project B,,61.86340616126229
23.0,BRYCE CARTER,35,FEMALE,SALES,9598,12/16/2015,4.0,4,RETIRED,NEW YORK,959.8,0.9504888443218852,MID,MIDDLE-AGED,13,2015,799.8333333333334,23.0,Project D,,61.56041725621834
710.0,JACOB WOODS,54,FEMALE,IT,9592,6/3/2020,2.9,2,ACTIVE,NEW YORK,959.2,0.9497367761343695,JUNIOR,MIDDLE-AGED,13,2020,799.3333333333334,710.0,Project B,Ayush,64.9642390337105
923.0,JOSEPH MURILLO,39,MALE,HR,9553,5/30/2018,2.9,15,ACTIVE,LOS ANGELES,955.3,0.9448483329155176,SENIOR,MIDDLE-AGED,9,2018,796.0833333333334,923.0,Project A,Prajwal,59.49578428917272
101.0,BRYAN NAVARRO,26,FEMALE,IT,9538,1/23/2021,2.9,3,ACTIVE,NEW YORK,953.8,0.9429681624467285,MID,YOUNG,14,2021,794.8333333333334,101.0,Project D,Ayush,64.03554127434641
793.0,OLIVIA BUTLER,28,FEMALE,IT,9518,10/5/2024,2.9,9,ACTIVE,LOS ANGELES,951.8,0.940461268488343,SENIOR,YOUNG,15,2024,793.1666666666666,793.0,Project C,Ayush,63.6915791412486
433.0,BRYAN MEDINA,41,OTHER,HR,9516,4/7/2021,3.0,13,RETIRED,NEW YORK,951.6,0.9402105790925044,SENIOR,MIDDLE-AGED,10,2021,793.0,433.0,Project C,Prajwal,58.87803656398698
42.0,CHARLES MCCALL,58,OTHER,IT,9512,11/10/2024,2.9,8,RETIRED,LOS ANGELES,951.2,0.9397092003008273,SENIOR,MIDDLE-AGED,16,2024,792.6666666666666,42.0,Project D,Ayush,63.588390501319246
889.0,JODI GRAVES,32,OTHER,IT,9511,5/23/2022,2.9,3,RETIRED,LOS ANGELES,951.1,0.939583855602908,MID,MIDDLE-AGED,17,2022,792.5833333333334,889.0,Project D,Ayush,63.57119239466436
406.0,HEATHER SCOTT,57,MALE,SALES,9505,8/18/2024,3.0,6,RETIRED,NEW YORK,950.5,0.9388317874153923,MID,MIDDLE-AGED,14,2024,792.0833333333334,406.0,Project B,,59.99497458015788
743.0,TIMOTHY GUZMAN,41,FEMALE,SALES,9409,9/17/2023,2.9,16,RETIRED,NEW YORK,940.9,0.9267986964151417,SENIOR,MIDDLE-AGED,16,2023,784.0833333333334,743.0,Project B,,58.379033753256756
945.0,MARY ARMSTRONG,29,FEMALE,HR,9402,12/13/2017,2.9,2,ACTIVE,NEW YORK,940.2,0.9259212835297067,JUNIOR,YOUNG,12,2017,783.5,945.0,Project A,Prajwal,56.97470573503631
588.0,KRYSTAL RICE,42,OTHER,HR,9390,8/5/2021,5.0,13,RETIRED,NEW YORK,939.0,0.9244171471546754,SENIOR,MIDDLE-AGED,13,2021,782.5,588.0,Project D,Prajwal,56.77435512146256
338.0,MICHELLE BRENNAN,60,OTHER,HR,9385,9/29/2024,2.0,15,RETIRED,REMOTE,938.5,0.923790423665079,SENIOR,SENIOR,14,2024,782.0833333333334,338.0,Project A,Prajwal,56.690875699140165
216.0,SARA JONES,50,FEMALE,SALES,9377,10/16/2019,2.9,3,ACTIVE,LOS ANGELES,937.7,0.9227876660817247,MID,MIDDLE-AGED,17,2019,781.4166666666666,216.0,Project B,,57.84038681095638
300.0,TERRY SMITH,38,FEMALE,SALES,9375,12/23/2022,2.9,2,RETIRED,NEW YORK,937.5,0.9225369766858862,JUNIOR,MIDDLE-AGED,18,2022,781.25,300.0,Project C,,57.80672137706261
630.0,PATRICIA SCOTT,52,OTHER,SALES,9364,11/5/2019,2.9,5,ACTIVE,NEW YORK,936.4,0.9211581850087741,MID,MIDDLE-AGED,19,2019,780.3333333333334,630.0,Project D,,57.621561490646855
774.0,PENNY JENNINGS,30,OTHER,IT,9314,11/8/2016,2.9,4,ACTIVE,LOS ANGELES,931.4,0.9148909501128102,MID,MIDDLE-AGED,19,2016,776.1666666666666,774.0,Project C,Ayush,60.183165383650916
858.0,SARAH FLETCHER,41,MALE,HR,9285,4/11/2023,3.0,19,ACTIVE,NEW YORK,928.5,0.9112559538731512,SENIOR,MIDDLE-AGED,16,2023,773.75,858.0,Project D,Prajwal,55.02128725269221
826.0,SARAH SANDERS,54,OTHER,IT,9279,3/24/2021,2.9,18,RETIRED,NEW YORK,927.9,0.9105038856856355,SENIOR,MIDDLE-AGED,21,2021,773.25,826.0,Project C,Ayush,59.58123165072975
382.0,DAVID MARSHALL,43,OTHER,SALES,9269,10/5/2018,2.0,13,RETIRED,REMOTE,926.9,0.9092504387064427,SENIOR,MIDDLE-AGED,22,2018,772.4166666666666,382.0,Project B,,56.02245338069262
35.0,LISA FRY,51,FEMALE,IT,9259,9/26/2017,4.0,17,RETIRED,LOS ANGELES,925.9,0.9079969917272499,SENIOR,MIDDLE-AGED,25,2017,771.5833333333334,35.0,Project A,Ayush,59.23726951763193
255.0,SUSAN FISHER,45,MALE,HR,9207,1/5/2020,4.0,4,ACTIVE,LOS ANGELES,920.7,0.9014790674354475,MID,MIDDLE-AGED,17,2020,767.25,255.0,Project B,Prajwal,53.71900826446281
492.0,DR. JACOB CASTANEDA DVM,53,OTHER,SALES,9181,2/17/2024,5.0,2,RETIRED,LOS ANGELES,918.1,0.8982201052895462,JUNIOR,MIDDLE-AGED,23,2024,765.0833333333334,492.0,Project B,,54.54117428936659
307.0,HENRY HARMON,57,MALE,HR,9161,8/2/2022,2.9,5,RETIRED,LOS ANGELES,916.1,0.8957132113311607,MID,MIDDLE-AGED,18,2022,763.4166666666666,307.0,Project C,Prajwal,52.95099757909675
226.0,BRIAN WHITE,51,OTHER,IT,9160,4/27/2017,2.9,15,RETIRED,LOS ANGELES,916.0,0.8955878666332414,SENIOR,MIDDLE-AGED,26,2017,763.3333333333334,226.0,Project C,Ayush,57.53465695879777
443.0,KIMBERLY SPARKS,26,OTHER,SALES,9146,7/29/2024,3.0,3,RETIRED,NEW YORK,914.6,0.8938330408623715,MID,YOUNG,24,2024,762.1666666666666,443.0,Project A,,53.95202919622556
989.0,HANNAH HICKMAN,36,FEMALE,IT,9118,7/2/2022,5.0,5,ACTIVE,NEW YORK,911.8,0.8903233893206317,MID,MIDDLE-AGED,27,2022,759.8333333333334,989.0,Project B,Ayush,56.812336479292355
809.0,MATTHEW BONILLA,44,MALE,IT,9092,6/11/2018,2.0,20,ACTIVE,REMOTE,909.2,0.8870644271747306,SENIOR,MIDDLE-AGED,28,2018,757.6666666666666,809.0,Project D,Ayush,56.36518570626521
375.0,ANTHONY BALDWIN,42,MALE,IT,9067,3/15/2017,5.0,5,ACTIVE,NEW YORK,906.7,0.8839308097267485,MID,MIDDLE-AGED,30,2017,755.5833333333334,375.0,Project A,Ayush,55.93523303989294
640.0,CARLOS MCMILLAN,24,OTHER,IT,8973,3/18/2016,2.9,4,RETIRED,LOS ANGELES,897.3,0.8721484081223364,MID,YOUNG,31,2016,747.75,640.0,Project C,Ayush,54.31861101433323
821.0,KAREN WASHINGTON,31,MALE,SALES,8949,10/21/2018,2.9,5,RETIRED,NEW YORK,894.9,0.8691401353722737,MID,MIDDLE-AGED,27,2018,745.75,821.0,Project C,,50.63598395768888
565.0,KATHLEEN ROSS,50,MALE,IT,8941,9/12/2018,2.0,11,ACTIVE,REMOTE,894.1,0.8681373777889195,SENIOR,MIDDLE-AGED,34,2018,745.0833333333334,565.0,Project A,Ayush,53.768271601376725
40.0,LISA WAGNER,36,MALE,HR,8870,8/12/2024,4.0,17,ACTIVE,LOS ANGELES,887.0,0.8592379042366508,SENIOR,MIDDLE-AGED,24,2024,739.1666666666666,40.0,Project D,Prajwal,48.09249519993322
752.0,DAVID POWELL IV,40,OTHER,IT,8831,1/27/2021,5.0,8,ACTIVE,NEW YORK,883.1,0.854349461017799,SENIOR,MIDDLE-AGED,35,2021,735.9166666666666,752.0,Project D,Ayush,51.876479869338766
843.0,SARA KING,36,FEMALE,SALES,8775,5/31/2021,2.9,3,RETIRED,LOS ANGELES,877.5,0.8473301579343194,MID,MIDDLE-AGED,29,2021,731.25,843.0,Project B,,47.7070912089306
887.0,CHRISTINE HOOPER,43,FEMALE,IT,8772,10/13/2021,2.9,6,ACTIVE,NEW YORK,877.2,0.8469541238405616,MID,MIDDLE-AGED,36,2021,731.0,887.0,Project C,Ayush,50.86179157670022
985.0,JEFFREY HALL,41,OTHER,IT,8768,8/27/2018,3.0,16,RETIRED,LOS ANGELES,876.8,0.8464527450488845,SENIOR,MIDDLE-AGED,37,2018,730.6666666666666,985.0,Project C,Ayush,50.792999150080654
391.0,CHLOE NEWMAN,32,OTHER,SALES,8745,8/1/2019,5.0,13,RETIRED,LOS ANGELES,874.5,0.843569816996741,SENIOR,MIDDLE-AGED,30,2019,728.75,391.0,Project C,,47.202109700524
596.0,MEGAN BARRY,53,FEMALE,SALES,8742,4/5/2019,2.9,16,RETIRED,LOS ANGELES,874.2,0.8431937829029832,SENIOR,MIDDLE-AGED,31,2019,728.5,596.0,Project B,,47.151611549683345
227.0,ASHLEY ROBBINS,49,OTHER,HR,8733,2/6/2019,2.9,2,RETIRED,LOS ANGELES,873.3,0.8420656806217097,JUNIOR,MIDDLE-AGED,27,2019,727.75,227.0,Project D,Prajwal,45.80515902829953
90.0,LAUREN LEE,60,FEMALE,SALES,8710,7/16/2020,2.0,10,RETIRED,REMOTE,871.0,0.8391827525695663,SENIOR,SENIOR,32,2020,725.8333333333334,90.0,Project D,,46.61296460738297
679.0,MANUEL LEWIS,42,FEMALE,IT,8696,12/9/2023,2.9,11,RETIRED,NEW YORK,869.6,0.8374279267986964,SENIOR,MIDDLE-AGED,40,2023,724.6666666666666,679.0,Project A,Ayush,49.554735470928534
983.0,STEPHEN PONCE,46,OTHER,SALES,8696,10/14/2022,4.0,2,ACTIVE,NEW YORK,869.6,0.8374279267986964,JUNIOR,MIDDLE-AGED,33,2022,724.6666666666666,983.0,Project A,,46.37730657012655
39.0,JORDAN SCOTT,33,OTHER,SALES,8678,5/15/2016,5.0,9,ACTIVE,LOS ANGELES,867.8,0.8351717222361494,SENIOR,MIDDLE-AGED,34,2016,723.1666666666666,39.0,Project C,,46.074317665082596
609.0,KIMBERLY GALVAN,55,MALE,HR,8646,3/24/2018,2.0,14,RETIRED,REMOTE,864.6,0.8311606919027326,SENIOR,MIDDLE-AGED,28,2018,720.5,609.0,Project B,Prajwal,44.352617079889804
701.0,JERRY THOMPSON,44,FEMALE,IT,8634,2/28/2021,2.9,3,RETIRED,NEW YORK,863.4,0.8296565555277011,MID,MIDDLE-AGED,41,2021,719.5,701.0,Project D,Ayush,48.48845285832532
865.0,JESSICA GARCIA,47,MALE,SALES,8619,8/23/2024,2.0,13,ACTIVE,REMOTE,861.9,0.827776385058912,SENIOR,MIDDLE-AGED,35,2024,718.25,865.0,Project A,,45.08118736521628
118.0,GREGORY ROBINSON,32,OTHER,IT,8619,1/16/2021,2.9,8,RETIRED,NEW YORK,861.9,0.827776385058912,SENIOR,MIDDLE-AGED,44,2021,718.25,118.0,Project B,Ayush,48.23048125850195
438.0,KRISTIE NELSON,41,OTHER,IT,8618,12/4/2023,2.9,6,RETIRED,LOS ANGELES,861.8,0.8276510403609927,MID,MIDDLE-AGED,45,2023,718.1666666666666,438.0,Project D,Ayush,48.21328315184707
237.0,JOAN TREVINO,46,MALE,SALES,8607,1/21/2019,5.0,3,RETIRED,NEW YORK,860.7,0.8262722486838807,MID,MIDDLE-AGED,36,2019,717.25,237.0,Project B,,44.87919476185363
508.0,GEORGE MCPHERSON,35,MALE,HR,8602,10/30/2018,2.0,17,RETIRED,REMOTE,860.2,0.8256455251942842,SENIOR,MIDDLE-AGED,29,2018,716.8333333333334,508.0,Project D,Prajwal,43.61799816345271
228.0,MARY MCGUIRE,45,OTHER,IT,8587,1/21/2019,2.0,18,ACTIVE,REMOTE,858.7,0.8237653547254951,SENIOR,MIDDLE-AGED,47,2019,715.5833333333334,228.0,Project D,Ayush,47.68014184554546
207.0,MARIO JACKSON,43,MALE,IT,8563,12/28/2017,4.0,11,ACTIVE,LOS ANGELES,856.3,0.8207570819754324,SENIOR,MIDDLE-AGED,48,2017,713.5833333333334,207.0,Project D,Ayush,47.267387285828086
61.0,ANDREW SHANNON,51,OTHER,SALES,8544,2/8/2020,2.9,6,ACTIVE,NEW YORK,854.4,0.8183755327149661,MID,MIDDLE-AGED,38,2020,712.0,61.0,Project B,,43.81873359419978
449.0,NATHAN RODRIGUEZ,29,OTHER,HR,8526,12/8/2021,2.9,2,RETIRED,LOS ANGELES,852.6,0.8161193281524192,JUNIOR,YOUNG,30,2021,710.5,449.0,Project B,Prajwal,42.349110944152265
656.0,SABRINA NORRIS,55,FEMALE,SALES,8505,12/23/2022,2.9,9,RETIRED,NEW YORK,850.5,0.8134870894961144,SENIOR,MIDDLE-AGED,39,2022,708.75,656.0,Project A,,43.162257633271196
316.0,CYNTHIA COX,46,OTHER,IT,8499,12/8/2022,2.9,4,RETIRED,LOS ANGELES,849.9,0.8127350213085986,MID,MIDDLE-AGED,49,2022,708.25,316.0,Project B,Ayush,46.16670845991509
773.0,BRYAN BROWN,45,OTHER,IT,8462,3/12/2019,3.0,2,ACTIVE,LOS ANGELES,846.2,0.8080972674855854,JUNIOR,MIDDLE-AGED,50,2019,705.1666666666666,773.0,Project A,Ayush,45.530378513684134
161.0,CINDY TORRES,31,MALE,IT,8428,9/17/2024,4.0,11,RETIRED,NEW YORK,842.8,0.8038355477563299,SENIOR,MIDDLE-AGED,51,2024,702.3333333333334,161.0,Project D,Ayush,44.94564288741786
204.0,RANDY PACE,28,MALE,HR,8416,2/21/2022,2.9,8,ACTIVE,LOS ANGELES,841.6,0.8023314113812986,SENIOR,YOUNG,33,2022,701.3333333333334,204.0,Project A,Prajwal,40.512563653059516
623.0,JOSEPH SMITH,26,MALE,SALES,8377,6/23/2022,2.0,7,ACTIVE,REMOTE,837.7,0.7974429681624468,MID,YOUNG,40,2022,698.0833333333334,623.0,Project A,,41.007669864069705
175.0,AMANDA WALTERS,46,OTHER,SALES,8354,10/26/2015,2.9,10,ACTIVE,LOS ANGELES,835.4,0.7945600401103033,SENIOR,MIDDLE-AGED,41,2015,696.1666666666666,175.0,Project C,,40.62051737429131
357.0,JAMES ANDERSON,55,OTHER,SALES,8344,10/10/2015,2.0,19,ACTIVE,REMOTE,834.4,0.7933065931311105,SENIOR,MIDDLE-AGED,42,2015,695.3333333333334,357.0,Project B,,40.45219020482244
324.0,ANTHONY LAM,46,MALE,HR,8306,11/14/2024,5.0,15,ACTIVE,NEW YORK,830.6,0.788543494610178,SENIOR,MIDDLE-AGED,37,2024,692.1666666666666,324.0,Project B,Prajwal,38.676016361966774
514.0,MISS ALYSSA PEREZ DDS,59,OTHER,HR,8297,10/13/2015,4.0,2,RETIRED,LOS ANGELES,829.7,0.7874153923289045,JUNIOR,MIDDLE-AGED,38,2015,691.4166666666666,514.0,Project A,Prajwal,38.52575340178646
942.0,ELIZABETH MIDDLETON,38,OTHER,HR,8277,9/5/2020,4.0,9,RETIRED,LOS ANGELES,827.7,0.7849084983705189,SENIOR,MIDDLE-AGED,39,2020,689.75,942.0,Project A,Prajwal,38.19183571249687
877.0,NICOLE SMITH,50,OTHER,HR,8274,11/6/2023,2.9,3,ACTIVE,NEW YORK,827.4,0.784532464276761,MID,MIDDLE-AGED,40,2023,689.5,877.0,Project D,Prajwal,38.14174805910343
970.0,MICHAEL MEJIA,53,MALE,SALES,8260,8/30/2020,2.9,15,RETIRED,NEW YORK,826.0,0.7827776385058912,SENIOR,MIDDLE-AGED,43,2020,688.3333333333334,970.0,Project D,,39.03824198128396
850.0,DR. SHAWN MIRANDA,26,MALE,HR,8255,8/20/2017,2.9,2,ACTIVE,NEW YORK,825.5,0.7821509150162949,JUNIOR,YOUNG,41,2017,687.9166666666666,850.0,Project C,Prajwal,37.82452625427832
841.0,JACQUELINE EVANS,60,OTHER,HR,8240,11/27/2017,4.0,13,RETIRED,NEW YORK,824.0,0.7802707445475057,SENIOR,SENIOR,42,2017,686.6666666666666,841.0,Project D,Prajwal,37.57408798731113
439.0,MRS. LISA SUAREZ,56,MALE,IT,8236,11/6/2023,2.9,2,RETIRED,LOS ANGELES,823.6,0.7797693657558286,JUNIOR,MIDDLE-AGED,52,2023,686.3333333333334,439.0,Project A,Ayush,41.64360640967886
556.0,CRYSTAL KIDD,29,FEMALE,HR,8220,11/20/2019,5.0,11,ACTIVE,LOS ANGELES,822.0,0.7777638505891201,SENIOR,YOUNG,43,2019,685.0,556.0,Project C,Prajwal,37.24017029802154
562.0,PAMELA LEVINE,37,FEMALE,HR,8201,11/13/2017,2.0,16,RETIRED,REMOTE,820.1,0.7753823013286538,SENIOR,MIDDLE-AGED,44,2017,683.4166666666666,562.0,Project C,Prajwal,36.92294849319643
863.0,DANA PAYNE,28,MALE,HR,8191,2/10/2022,2.9,2,ACTIVE,NEW YORK,819.1,0.774128854349461,JUNIOR,YOUNG,45,2022,682.5833333333334,863.0,Project C,Prajwal,36.75598964855163
292.0,RACHEL SOSA,47,OTHER,IT,8158,2/7/2022,2.0,6,RETIRED,REMOTE,815.8,0.7699924793181249,MID,MIDDLE-AGED,54,2022,679.8333333333334,292.0,Project C,Ayush,40.3021540905974
147.0,RACHEL ALLEN,22,OTHER,IT,8152,1/30/2018,2.9,4,ACTIVE,NEW YORK,815.2,0.7692404111306091,MID,YOUNG,55,2018,679.3333333333334,147.0,Project B,Ayush,40.198965450668055
661.0,DAWN COLEMAN,48,FEMALE,HR,8150,3/30/2017,2.9,3,ACTIVE,NEW YORK,815.0,0.7689897217347706,MID,MIDDLE-AGED,47,2017,679.1666666666666,661.0,Project A,Prajwal,36.071458385507974
217.0,ALISON ANDERSON,35,FEMALE,SALES,8129,6/29/2024,2.9,3,RETIRED,NEW YORK,812.9,0.7663574830784657,MID,MIDDLE-AGED,46,2024,677.4166666666666,217.0,Project C,,36.83315606124181
939.0,ANDREA ODOM,60,FEMALE,SALES,8067,12/3/2023,2.9,8,RETIRED,NEW YORK,806.7,0.7585861118074706,SENIOR,SENIOR,50,2023,672.25,939.0,Project A,,35.78952761053483
676.0,CHARLES NICHOLS,59,OTHER,SALES,8057,8/27/2020,2.9,6,ACTIVE,NEW YORK,805.7,0.7573326648282778,MID,MIDDLE-AGED,51,2020,671.4166666666666,676.0,Project C,,35.621200441065966
76.0,CAMERON BUTLER,31,FEMALE,IT,8032,10/20/2023,4.0,11,RETIRED,NEW YORK,803.2,0.7541990473802959,SENIOR,MIDDLE-AGED,57,2023,669.3333333333334,76.0,Project C,Ayush,38.13519265208119
344.0,MARK MCBRIDE,52,MALE,IT,8000,3/5/2023,2.9,7,RETIRED,NEW YORK,800.0,0.7501880170468789,MID,MIDDLE-AGED,58,2023,666.6666666666666,344.0,Project D,Ayush,37.58485323912468
306.0,ALEXANDER JOHNSON,36,OTHER,SALES,7992,4/20/2024,2.0,7,ACTIVE,REMOTE,799.2,0.7491852594635247,MID,MIDDLE-AGED,54,2024,666.0,306.0,Project D,,34.52707383951833
123.0,KENNETH JENSEN,46,OTHER,IT,7991,4/21/2017,2.9,13,RETIRED,LOS ANGELES,799.1,0.7490599147656054,SENIOR,MIDDLE-AGED,59,2017,665.9166666666666,123.0,Project A,Ayush,37.43007027923067
235.0,STUART RODRIGUEZ,33,OTHER,SALES,7974,2/15/2017,2.9,7,ACTIVE,LOS ANGELES,797.4,0.7469290549009777,MID,MIDDLE-AGED,55,2017,664.5,235.0,Project D,,34.22408493447437
47.0,ALICIA SCOTT,47,FEMALE,HR,7966,9/3/2019,2.9,8,RETIRED,NEW YORK,796.6,0.7459262973176235,SENIOR,MIDDLE-AGED,51,2019,663.8333333333334,47.0,Project A,Prajwal,32.999415644043744
591.0,NANCY VINCENT,38,OTHER,HR,7948,9/6/2020,2.9,18,RETIRED,LOS ANGELES,794.8,0.7436700927550765,SENIOR,MIDDLE-AGED,52,2020,662.3333333333334,591.0,Project C,Prajwal,32.69888972368311
385.0,MONICA BALDWIN,33,FEMALE,SALES,7941,8/24/2017,2.9,14,ACTIVE,LOS ANGELES,794.1,0.7427926798696415,SENIOR,MIDDLE-AGED,56,2017,661.75,385.0,Project B,,33.66860527522711
328.0,MATTHEW GUERRERO,22,FEMALE,HR,7928,5/11/2021,3.0,2,ACTIVE,LOS ANGELES,792.8,0.7411631987966909,JUNIOR,YOUNG,53,2021,660.6666666666666,328.0,Project D,Prajwal,32.364972034393524
363.0,MR. TIMOTHY MITCHELL DDS,29,FEMALE,IT,7903,1/22/2018,2.9,2,ACTIVE,NEW YORK,790.3,0.738029581348709,JUNIOR,YOUNG,62,2018,658.5833333333334,363.0,Project B,Ayush,35.9166368936003
186.0,JANE GARDNER,51,OTHER,SALES,7894,12/29/2014,2.9,11,RETIRED,LOS ANGELES,789.4,0.7369014790674354,SENIOR,MIDDLE-AGED,58,2014,657.8333333333334,186.0,Project C,,32.87746757872343
179.0,DANIEL HOFFMAN,36,MALE,IT,7885,6/4/2016,2.0,2,RETIRED,REMOTE,788.5,0.735773376786162,JUNIOR,MIDDLE-AGED,64,2016,657.0833333333334,179.0,Project C,Ayush,35.60707097381226
820.0,AMBER WARD,54,FEMALE,SALES,7880,9/19/2024,3.0,6,ACTIVE,NEW YORK,788.0,0.7351466532965656,MID,MIDDLE-AGED,59,2024,656.6666666666666,820.0,Project D,,32.64180954146702
593.0,LAURA SMITH,47,FEMALE,SALES,7876,4/30/2019,2.0,2,ACTIVE,REMOTE,787.6,0.7346452745048885,JUNIOR,MIDDLE-AGED,60,2019,656.3333333333334,593.0,Project B,,32.57447867367947
440.0,NICHOLAS WILSON,60,OTHER,IT,7865,9/8/2015,2.0,8,ACTIVE,REMOTE,786.5,0.7332664828277764,SENIOR,SENIOR,65,2015,655.4166666666666,440.0,Project D,Ayush,35.26310884071446
432.0,KAYLA GREGORY,38,MALE,SALES,7860,1/25/2023,3.0,8,RETIRED,LOS ANGELES,786.0,0.73263975933818,SENIOR,MIDDLE-AGED,62,2023,655.0,432.0,Project D,,32.30515520252929
601.0,JASON HESS,30,FEMALE,IT,7847,4/4/2024,3.0,10,RETIRED,NEW YORK,784.7,0.7310102782652294,SENIOR,MIDDLE-AGED,66,2024,653.9166666666666,601.0,Project C,Ayush,34.95354292092643
643.0,HEATHER HENRY,45,FEMALE,IT,7756,7/5/2018,3.0,5,RETIRED,LOS ANGELES,775.6,0.7196039107545751,MID,MIDDLE-AGED,67,2018,646.3333333333334,643.0,Project C,Ayush,33.38851521533138
424.0,ANTONIO SHIELDS,46,MALE,HR,7729,4/11/2022,3.0,7,RETIRED,LOS ANGELES,772.9,0.7162196039107546,MID,MIDDLE-AGED,56,2022,644.0833333333334,424.0,Project B,Prajwal,29.042491025962104
323.0,JAMES SMITH,53,MALE,SALES,7727,3/13/2021,2.9,16,RETIRED,LOS ANGELES,772.7,0.7159689145149161,SENIOR,MIDDLE-AGED,63,2021,643.9166666666666,323.0,Project B,,30.06640384859336
245.0,JUSTIN HAMPTON,55,MALE,IT,7725,11/22/2024,4.0,10,RETIRED,NEW YORK,772.5,0.7157182251190775,SENIOR,MIDDLE-AGED,68,2024,643.75,245.0,Project C,Ayush,32.85537390902977
882.0,RYAN JAMES,41,MALE,SALES,7686,2/16/2015,2.9,13,RETIRED,LOS ANGELES,768.6,0.7108297819002256,SENIOR,MIDDLE-AGED,64,2015,640.5,882.0,Project C,,29.376262453771005
776.0,EMILY PRICE,53,MALE,HR,7659,9/2/2020,3.0,16,ACTIVE,LOS ANGELES,765.9,0.7074454750564051,SENIOR,MIDDLE-AGED,57,2020,638.25,776.0,Project C,Prajwal,27.87377911344853
996.0,PAMELA REEVES,49,FEMALE,SALES,7652,6/23/2024,4.0,3,ACTIVE,LOS ANGELES,765.2,0.7065680621709701,MID,MIDDLE-AGED,65,2024,637.6666666666666,996.0,Project A,,28.80395007757686
67.0,KELLI LOPEZ,25,FEMALE,HR,7637,9/21/2021,2.9,4,ACTIVE,LOS ANGELES,763.7,0.704687891702181,MID,YOUNG,58,2021,636.4166666666666,67.0,Project C,Prajwal,27.50646965522999
700.0,DAVID PIERCE,39,FEMALE,IT,7614,3/22/2021,2.9,10,ACTIVE,NEW YORK,761.4,0.7018049636500376,SENIOR,MIDDLE-AGED,69,2021,634.5,700.0,Project A,Ayush,30.94638407033692
872.0,ANTHONY FERGUSON,41,MALE,SALES,7556,2/3/2023,2.9,16,ACTIVE,NEW YORK,755.6,0.6945349711707195,SENIOR,MIDDLE-AGED,69,2023,629.6666666666666,872.0,Project C,,27.188009250675737
305.0,MARK THOMAS,55,MALE,SALES,7545,10/30/2017,2.9,11,RETIRED,NEW YORK,754.5,0.6931561794936074,SENIOR,MIDDLE-AGED,70,2017,628.75,305.0,Project D,,27.002849364259983
208.0,DAWN FLOWERS,24,FEMALE,IT,7539,2/5/2021,2.9,5,ACTIVE,LOS ANGELES,753.9,0.6924041113060918,MID,YOUNG,72,2021,628.25,208.0,Project A,Ayush,29.656526071220124
387.0,OMAR MARTINEZ,32,MALE,IT,7537,5/30/2018,2.9,10,ACTIVE,NEW YORK,753.7,0.6921534219102532,SENIOR,MIDDLE-AGED,73,2018,628.0833333333334,387.0,Project C,Ayush,29.622129857910345
859.0,KATELYN JACOBSON,41,OTHER,SALES,7503,8/30/2018,2.9,6,ACTIVE,NEW YORK,750.3,0.6878917021809977,MID,MIDDLE-AGED,72,2018,625.25,859.0,Project C,,26.295875252490745
800.0,ANN MCDONALD,52,FEMALE,HR,7496,5/27/2019,3.0,6,ACTIVE,LOS ANGELES,749.6,0.6870142892955629,MID,MIDDLE-AGED,60,2019,624.6666666666666,800.0,Project B,Prajwal,25.15234994573838
900.0,RICHARD PEARSON,52,OTHER,IT,7473,4/24/2023,2.0,10,ACTIVE,REMOTE,747.3,0.6841313612434194,SENIOR,MIDDLE-AGED,75,2023,622.75,900.0,Project C,Ayush,28.521451031997348
498.0,LORI THOMAS,52,MALE,IT,7471,3/14/2023,2.9,9,RETIRED,NEW YORK,747.1,0.6838806718475808,SENIOR,MIDDLE-AGED,76,2023,622.5833333333334,498.0,Project B,Ayush,28.48705481868756
109.0,MRS. ROBIN MCCARTHY PHD,51,MALE,HR,7457,4/24/2019,2.9,15,ACTIVE,LOS ANGELES,745.7,0.682125846076711,SENIOR,MIDDLE-AGED,62,2019,621.4166666666666,109.0,Project A,Prajwal,24.501210451623674
561.0,KIMBERLY DAVIS,52,FEMALE,HR,7404,1/6/2024,4.0,15,RETIRED,NEW YORK,740.4,0.6754825770869892,SENIOR,MIDDLE-AGED,63,2024,617.0,561.0,Project B,Prajwal,23.61632857500626
502.0,CHRISTINA HAYES,32,MALE,SALES,7401,7/28/2020,2.9,8,ACTIVE,LOS ANGELES,740.1,0.6751065429932314,SENIOR,MIDDLE-AGED,75,2020,616.75,502.0,Project D,,24.578938123908305
414.0,JACOB KELLEY,41,OTHER,HR,7380,10/25/2023,2.9,13,ACTIVE,LOS ANGELES,738.0,0.6724743043369266,SENIOR,MIDDLE-AGED,64,2023,615.0,414.0,Project B,Prajwal,23.215627347858753
1000.0,SHAWN SCOTT,45,MALE,IT,7364,7/31/2022,2.0,4,ACTIVE,REMOTE,736.4,0.6704687891702181,MID,MIDDLE-AGED,78,2022,613.6666666666666,1000.0,Project D,Ayush,26.64685740661427
814.0,DR. PAMELA KEY,27,FEMALE,SALES,7359,9/6/2018,2.9,7,ACTIVE,NEW YORK,735.9,0.6698420656806217,MID,YOUNG,76,2018,613.25,814.0,Project B,,23.871964012139063
512.0,ELLEN WRIGHT,56,MALE,HR,7339,1/6/2023,2.9,2,ACTIVE,NEW YORK,733.9,0.6673351717222361,JUNIOR,MIDDLE-AGED,67,2023,611.5833333333334,512.0,Project D,Prajwal,22.531096084815093
724.0,KEITH JOHNSON,49,MALE,IT,7298,9/21/2020,2.9,18,RETIRED,LOS ANGELES,729.8,0.6621960391075458,SENIOR,MIDDLE-AGED,80,2020,608.1666666666666,724.0,Project B,Ayush,25.511782367391493
110.0,CATHERINE RAY,58,FEMALE,SALES,7263,12/10/2017,2.9,20,ACTIVE,NEW YORK,726.3,0.657808974680371,SENIOR,MIDDLE-AGED,79,2017,605.25,110.0,Project C,,22.256023185237943
20.0,VICTORIA FOX,57,FEMALE,HR,7251,6/7/2023,2.9,10,ACTIVE,LOS ANGELES,725.1,0.6563048383053397,SENIOR,MIDDLE-AGED,69,2023,604.25,20.0,Project B,Prajwal,21.061858251940897
383.0,KELLY NORTON,30,FEMALE,IT,7241,12/18/2014,4.0,2,RETIRED,NEW YORK,724.1,0.6550513913261469,JUNIOR,MIDDLE-AGED,82,2014,603.4166666666666,383.0,Project D,Ayush,24.53149028806273
830.0,KIMBERLY MORRIS,50,FEMALE,SALES,7236,2/17/2024,2.9,12,RETIRED,NEW YORK,723.6,0.6544246678365505,SENIOR,MIDDLE-AGED,80,2024,603.0,830.0,Project D,,21.801539827672002
549.0,MORGAN THOMPSON,32,OTHER,HR,7206,1/11/2018,2.9,9,RETIRED,NEW YORK,720.6,0.6506643268989721,SENIOR,MIDDLE-AGED,70,2018,600.5,549.0,Project B,Prajwal,20.31054345103932
120.0,HEIDI FRANKLIN,22,MALE,HR,7187,1/26/2024,2.9,2,ACTIVE,NEW YORK,718.7,0.6482827776385058,JUNIOR,YOUNG,73,2024,598.9166666666666,120.0,Project A,Prajwal,19.993321646214206
568.0,COURTNEY LUCAS,20,OTHER,SALES,7155,11/17/2015,2.9,2,RETIRED,LOS ANGELES,715.5,0.644271747305089,JUNIOR,YOUNG,81,2015,596.25,568.0,Project B,,20.438089754974182
367.0,MISS BARBARA SHORT,50,FEMALE,SALES,7153,8/7/2024,2.9,2,RETIRED,NEW YORK,715.3,0.6440210579092505,JUNIOR,MIDDLE-AGED,82,2024,596.0833333333334,367.0,Project D,,20.40442432108041
713.0,HOWARD KEY,47,MALE,HR,7123,4/4/2019,2.9,11,ACTIVE,NEW YORK,712.3,0.6402607169716721,SENIOR,MIDDLE-AGED,75,2019,593.5833333333334,713.0,Project C,Prajwal,18.92478504048752
429.0,VICKI CARTER,29,OTHER,SALES,7080,9/12/2015,4.0,4,RETIRED,NEW YORK,708.0,0.6348708949611431,MID,YOUNG,84,2015,590.0,429.0,Project B,,19.17563598395768
221.0,STEVEN SALINAS,48,FEMALE,HR,7067,11/23/2023,2.9,8,RETIRED,LOS ANGELES,706.7,0.6332414138881926,SENIOR,MIDDLE-AGED,76,2023,588.9166666666666,221.0,Project C,Prajwal,17.989815510476667
322.0,JERRY SMITH,39,MALE,SALES,7014,4/3/2018,2.9,7,RETIRED,NEW YORK,701.4,0.6265981448984708,MID,MIDDLE-AGED,85,2018,584.5,322.0,Project A,,18.06467666546316
530.0,KATIE VEGA,40,FEMALE,HR,7002,8/6/2019,2.0,20,ACTIVE,REMOTE,700.2,0.6250940085234394,SENIOR,MIDDLE-AGED,77,2019,583.5,530.0,Project C,Prajwal,16.9045830202855
466.0,JEREMY PEREZ,21,MALE,IT,6980,3/14/2018,2.9,2,ACTIVE,LOS ANGELES,698.0,0.6223364251692154,JUNIOR,YOUNG,84,2018,581.6666666666666,466.0,Project D,Ayush,20.04278445113629
723.0,JILL BUCHANAN,57,MALE,HR,6974,8/13/2024,4.0,6,ACTIVE,LOS ANGELES,697.4,0.6215843569816997,MID,MIDDLE-AGED,78,2024,581.1666666666666,723.0,Project A,Prajwal,16.437098255280073
213.0,TYLER CARROLL,54,FEMALE,IT,6942,2/2/2021,3.0,5,RETIRED,NEW YORK,694.2,0.6175733266482828,MID,MIDDLE-AGED,85,2021,578.5,213.0,Project C,Ayush,19.389256398250446
529.0,ANNE ROBERTS,44,MALE,SALES,6936,11/20/2016,2.0,2,ACTIVE,REMOTE,693.6,0.6168212584607671,JUNIOR,MIDDLE-AGED,86,2016,578.0,529.0,Project A,,16.751724743606
68.0,DENISE SMITH,27,MALE,HR,6921,10/31/2024,2.0,3,ACTIVE,REMOTE,692.1,0.6149410879919779,MID,YOUNG,79,2024,576.75,68.0,Project A,Prajwal,15.552216378662658
644.0,REBECCA AVERY,40,FEMALE,HR,6918,2/3/2019,5.0,2,ACTIVE,LOS ANGELES,691.8,0.6145650538982201,JUNIOR,MIDDLE-AGED,80,2019,576.5,644.0,Project D,Prajwal,15.502128725269221
719.0,AMY MILLER,27,OTHER,HR,6899,9/4/2017,5.0,3,RETIRED,NEW YORK,689.9,0.6121835046377538,MID,YOUNG,82,2017,574.9166666666666,719.0,Project C,Prajwal,15.18490692044411
855.0,AMY HEATH,54,MALE,SALES,6897,1/2/2021,2.0,20,ACTIVE,REMOTE,689.7,0.6119328152419152,SENIOR,MIDDLE-AGED,87,2021,574.75,855.0,Project D,,16.09524878267742
666.0,JOHN ADKINS,43,OTHER,SALES,6853,8/28/2017,2.9,10,RETIRED,NEW YORK,685.3,0.606417648533467,SENIOR,MIDDLE-AGED,88,2017,571.0833333333334,666.0,Project A,,15.354609237014404
88.0,LORI BOWEN,28,FEMALE,SALES,6839,1/7/2023,2.9,4,ACTIVE,LOS ANGELES,683.9,0.6046628227625972,MID,YOUNG,89,2023,569.9166666666666,88.0,Project A,,15.11895119975799
331.0,JUAN DEAN,39,MALE,HR,6830,6/28/2015,4.0,20,RETIRED,NEW YORK,683.0,0.6035347204813236,SENIOR,MIDDLE-AGED,84,2015,569.1666666666666,331.0,Project B,Prajwal,14.032890892395026
7.0,DAVID OLSON,39,FEMALE,SALES,6826,5/11/2023,2.9,4,ACTIVE,NEW YORK,682.6,0.6030333416896465,MID,MIDDLE-AGED,90,2023,568.8333333333334,7.0,Project B,,14.900125879448463
816.0,PHILIP HENDERSON,31,OTHER,HR,6825,6/4/2023,2.0,12,ACTIVE,REMOTE,682.5,0.6029079969917273,SENIOR,MIDDLE-AGED,86,2023,568.75,816.0,Project C,Prajwal,13.949411470072626
99.0,KATHLEEN THOMAS,20,OTHER,IT,6768,9/15/2018,2.9,2,RETIRED,LOS ANGELES,676.8,0.5957633492103284,JUNIOR,YOUNG,89,2018,564.0,99.0,Project C,Ayush,16.396785840299483
853.0,ROBERT WILLIAMS,60,MALE,IT,6762,7/22/2017,3.0,2,RETIRED,NEW YORK,676.2,0.5950112810228128,JUNIOR,SENIOR,90,2017,563.5,853.0,Project B,Ayush,16.29359720037014
431.0,JAMES MELTON,46,OTHER,SALES,6746,7/31/2019,5.0,16,RETIRED,LOS ANGELES,674.6,0.5930057658561043,SENIOR,MIDDLE-AGED,91,2019,562.1666666666666,431.0,Project B,,13.55350852369753
103.0,JAMES SAUNDERS,34,OTHER,IT,6742,9/16/2019,2.9,8,ACTIVE,LOS ANGELES,674.2,0.5925043870644272,SENIOR,MIDDLE-AGED,91,2019,561.8333333333334,103.0,Project D,Ayush,15.949635067272327
471.0,STEPHANIE JACKSON,44,OTHER,IT,6741,6/19/2015,2.9,10,ACTIVE,LOS ANGELES,674.1,0.5923790423665078,SENIOR,MIDDLE-AGED,92,2015,561.75,471.0,Project A,Ayush,15.932436960617439
177.0,SHERRI HESS,37,FEMALE,SALES,6706,5/29/2021,3.0,9,RETIRED,LOS ANGELES,670.6,0.5879919779393332,SENIOR,MIDDLE-AGED,93,2021,558.8333333333334,177.0,Project A,,12.880199845822062
875.0,KATHERINE WONG,34,OTHER,HR,6706,10/15/2018,2.9,13,ACTIVE,LOS ANGELES,670.6,0.5879919779393332,SENIOR,MIDDLE-AGED,87,2018,558.8333333333334,875.0,Project D,Prajwal,11.962601218799566
410.0,BRUCE ANDERSON,51,MALE,HR,6689,5/21/2023,3.0,18,RETIRED,LOS ANGELES,668.9,0.5858611180747054,SENIOR,MIDDLE-AGED,88,2023,557.4166666666666,410.0,Project D,Prajwal,11.678771182903414
519.0,KYLE STRONG,46,FEMALE,HR,6688,5/6/2019,2.9,16,ACTIVE,NEW YORK,668.8,0.5857357733767862,SENIOR,MIDDLE-AGED,89,2019,557.3333333333334,519.0,Project C,Prajwal,11.662075298438934
620.0,JASON DAVIS,31,FEMALE,IT,6675,10/21/2017,2.9,9,ACTIVE,NEW YORK,667.5,0.5841062923038356,SENIOR,MIDDLE-AGED,93,2017,556.25,620.0,Project A,Ayush,14.797361921394659
849.0,FRANK GOMEZ,55,FEMALE,SALES,6659,6/7/2021,2.0,18,RETIRED,REMOTE,665.9,0.582100777137127,SENIOR,MIDDLE-AGED,94,2021,554.9166666666666,849.0,Project C,,12.089062149318389
43.0,APRIL PONCE,27,FEMALE,SALES,6655,10/22/2021,2.9,2,RETIRED,LOS ANGELES,665.5,0.5815993983454499,JUNIOR,YOUNG,95,2021,554.5833333333334,43.0,Project A,,12.021731281530842
364.0,LINDA WALL,49,OTHER,HR,6590,3/9/2023,2.9,15,ACTIVE,LOS ANGELES,659.0,0.5734519929806969,SENIOR,MIDDLE-AGED,91,2023,549.1666666666666,364.0,Project B,Prajwal,10.025878620919944
686.0,JILLIAN RAMOS,27,OTHER,HR,6589,10/16/2016,2.9,3,RETIRED,NEW YORK,658.9,0.5733266482827777,MID,YOUNG,92,2016,549.0833333333334,686.0,Project B,Prajwal,10.009182736455463
17.0,JONATHAN PEREZ,59,MALE,HR,6586,2/19/2019,3.0,7,RETIRED,LOS ANGELES,658.6,0.5729506141890198,MID,MIDDLE-AGED,93,2019,548.8333333333334,17.0,Project B,Prajwal,9.959095083062024
918.0,ERIN WALKER,45,FEMALE,HR,6585,2/18/2016,2.9,9,RETIRED,LOS ANGELES,658.5,0.5728252694911006,SENIOR,MIDDLE-AGED,94,2016,548.75,918.0,Project C,Prajwal,9.942399198597546
53.0,STEVE SALINAS,42,OTHER,SALES,6567,3/26/2022,2.0,19,RETIRED,REMOTE,656.7,0.5705690649285535,SENIOR,MIDDLE-AGED,98,2022,547.25,53.0,Project B,,10.540452190204814
197.0,JOSHUA BOOKER,22,MALE,HR,6539,7/12/2022,2.9,2,ACTIVE,LOS ANGELES,653.9,0.5670594133868138,JUNIOR,YOUNG,95,2022,544.9166666666666,197.0,Project D,Prajwal,9.174388513231488
911.0,KIMBERLY MOSES,49,FEMALE,IT,6502,5/28/2022,3.0,2,ACTIVE,LOS ANGELES,650.2,0.5624216595638004,JUNIOR,MIDDLE-AGED,95,2022,541.8333333333334,911.0,Project A,Ayush,11.822089470098588
335.0,MELISSA FISHER,56,MALE,HR,6496,10/20/2018,2.0,11,ACTIVE,REMOTE,649.6,0.5616695913762848,SENIOR,MIDDLE-AGED,96,2018,541.3333333333334,335.0,Project C,Prajwal,8.456465481258869
543.0,MICHAEL PARKER,37,OTHER,HR,6468,11/17/2018,2.9,13,RETIRED,LOS ANGELES,646.8,0.558159939834545,SENIOR,MIDDLE-AGED,97,2018,539.0,543.0,Project A,Prajwal,7.988980716253444
148.0,MR. BRANDON GONZALES,37,FEMALE,SALES,6429,9/23/2023,2.0,10,RETIRED,REMOTE,642.9,0.5532714966156932,SENIOR,MIDDLE-AGED,101,2023,535.75,148.0,Project B,,8.217537251534452
144.0,DANA POTTER,46,MALE,IT,6368,4/7/2024,2.9,2,RETIRED,NEW YORK,636.8,0.5456254700426172,JUNIOR,MIDDLE-AGED,96,2024,530.6666666666666,144.0,Project C,Ayush,9.51754317834325
642.0,BRIANNA PHELPS,37,MALE,SALES,6354,12/3/2021,2.9,9,ACTIVE,LOS ANGELES,635.4,0.5438706442717473,SENIOR,MIDDLE-AGED,102,2021,529.5,642.0,Project A,,6.955083480517953
731.0,MELISSA CAREY,40,FEMALE,IT,6352,6/3/2020,2.0,4,ACTIVE,REMOTE,635.2,0.5436199548759088,MID,MIDDLE-AGED,97,2020,529.3333333333334,731.0,Project A,Ayush,9.242373471865001
569.0,KIMBERLY MONTGOMERY,55,FEMALE,SALES,6345,3/6/2019,2.9,2,ACTIVE,LOS ANGELES,634.5,0.5427425419904738,JUNIOR,MIDDLE-AGED,103,2019,528.75,569.0,Project C,,6.803589027995972
927.0,LAURA STEWART,55,FEMALE,HR,6341,7/31/2023,2.9,13,RETIRED,NEW YORK,634.1,0.5422411631987967,SENIOR,MIDDLE-AGED,100,2023,528.4166666666666,927.0,Project D,Prajwal,5.868603389264546
392.0,HEATHER JONES,32,FEMALE,HR,6309,3/25/2023,5.0,5,ACTIVE,LOS ANGELES,630.9,0.5382301328653798,MID,MIDDLE-AGED,101,2023,525.75,392.0,Project A,Prajwal,5.334335086401202
611.0,KERRY SIMON,50,MALE,SALES,6272,1/19/2018,2.9,2,ACTIVE,NEW YORK,627.2,0.5335923790423666,JUNIOR,MIDDLE-AGED,105,2018,522.6666666666666,611.0,Project C,,5.574800690873245
203.0,ROBERT CAREY,59,FEMALE,IT,6267,1/12/2021,5.0,6,RETIRED,NEW YORK,626.7,0.5329656555527701,MID,MIDDLE-AGED,98,2021,522.25,203.0,Project A,Ayush,7.7805344061993
333.0,HEATHER ANDERSON,38,FEMALE,SALES,6259,6/13/2016,4.0,5,ACTIVE,NEW YORK,625.9,0.5319628979694159,MID,MIDDLE-AGED,106,2016,521.5833333333334,333.0,Project A,,5.355975370563718
803.0,LAWRENCE SMITH,27,MALE,HR,6247,3/20/2024,2.0,9,ACTIVE,REMOTE,624.7,0.5304587615943845,SENIOR,YOUNG,104,2024,520.5833333333334,803.0,Project C,Prajwal,4.299190249603472
880.0,SARAH THOMAS,54,MALE,IT,6185,10/29/2016,2.9,2,ACTIVE,NEW YORK,618.5,0.5226873903233893,JUNIOR,MIDDLE-AGED,100,2016,515.4166666666666,880.0,Project D,Ayush,6.370289660498273
670.0,LINDSEY DAVIS,31,FEMALE,SALES,6174,7/5/2015,2.9,3,RETIRED,NEW YORK,617.4,0.5213085986462772,MID,MIDDLE-AGED,107,2015,514.5,670.0,Project D,,3.9251944300783506
783.0,ALEX THOMPSON,54,FEMALE,HR,6145,2/3/2019,3.0,7,RETIRED,NEW YORK,614.5,0.5176736024066182,MID,MIDDLE-AGED,106,2019,512.0833333333334,783.0,Project C,Prajwal,2.596210034226563
781.0,ANITA JONES,44,MALE,IT,6141,5/15/2017,3.0,2,ACTIVE,LOS ANGELES,614.1,0.5171722236149411,JUNIOR,MIDDLE-AGED,102,2017,511.75,781.0,Project A,Ayush,5.613572967683086
26.0,TARA BLACKWELL,30,OTHER,HR,6120,2/20/2020,5.0,7,ACTIVE,NEW YORK,612.0,0.5145399849586363,MID,MIDDLE-AGED,107,2020,510.0,26.0,Project C,Prajwal,2.1788129226145756
541.0,JULIE TURNER,53,FEMALE,HR,6092,9/1/2021,2.9,16,ACTIVE,NEW YORK,609.2,0.5110303334168965,SENIOR,MIDDLE-AGED,108,2021,507.6666666666667,541.0,Project C,Prajwal,1.7113281576091495
957.0,DEBRA KNOX,54,OTHER,SALES,6091,1/22/2018,2.0,12,ACTIVE,REMOTE,609.1,0.5109049887189772,SENIOR,MIDDLE-AGED,109,2018,507.5833333333333,957.0,Project B,,2.5280789234867562
768.0,PAIGE HAYES,27,FEMALE,SALES,6086,6/5/2016,2.0,2,ACTIVE,REMOTE,608.6,0.5102782652293808,JUNIOR,YOUNG,110,2016,507.1666666666667,768.0,Project A,,2.4439153387523227
170.0,GEORGE BOWERS,24,OTHER,SALES,6041,12/7/2024,2.0,4,ACTIVE,REMOTE,604.1,0.5046377538230132,MID,YOUNG,111,2024,503.4166666666667,170.0,Project D,,1.6864430761424223
487.0,KAYLA GARCIA,44,FEMALE,SALES,6034,5/27/2020,2.9,9,RETIRED,NEW YORK,603.4,0.5037603409375784,SENIOR,MIDDLE-AGED,112,2020,502.8333333333333,487.0,Project A,,1.5686140575142153
168.0,AMY BELL,56,MALE,IT,6006,10/21/2023,2.9,4,ACTIVE,NEW YORK,600.6,0.5002506893958386,MID,MIDDLE-AGED,104,2023,500.5,168.0,Project D,Ayush,3.2918285692728575
462.0,ANNE HERNANDEZ,24,MALE,HR,5998,2/22/2017,2.9,2,RETIRED,NEW YORK,599.8,0.49924793181248434,JUNIOR,YOUNG,109,2017,499.8333333333333,462.0,Project B,Prajwal,0.14191501794807582
156.0,RAYMOND JOHNSON,56,FEMALE,IT,5982,12/3/2016,5.0,11,RETIRED,NEW YORK,598.2,0.4972424166457759,SENIOR,MIDDLE-AGED,105,2016,498.5,156.0,Project B,Ayush,2.879074009555483
267.0,JARED VILLANUEVA,50,MALE,IT,5970,6/23/2016,2.0,4,ACTIVE,REMOTE,597.0,0.49573828027074457,MID,MIDDLE-AGED,106,2016,497.5,267.0,Project D,Ayush,2.6726967296967965
280.0,DALTON MOORE,39,FEMALE,IT,5956,4/16/2015,5.0,16,RETIRED,LOS ANGELES,595.6,0.49398345449987463,SENIOR,MIDDLE-AGED,107,2015,496.3333333333333,280.0,Project B,Ayush,2.4319232365283283
4.0,CHRISTINE WILLIAMS,58,FEMALE,IT,5895,9/8/2017,2.0,13,RETIRED,REMOTE,589.5,0.4863374279267987,SENIOR,MIDDLE-AGED,109,2017,491.25,4.0,Project C,Ayush,1.3828387305800025
370.0,DAWN SANCHEZ,49,OTHER,HR,5850,10/11/2020,2.9,17,RETIRED,NEW YORK,585.0,0.4806969165204312,SENIOR,MIDDLE-AGED,111,2020,487.5,370.0,Project C,Prajwal,-2.329075882794891
48.0,JAKE JOHNSON,48,OTHER,IT,5848,2/3/2017,3.0,2,ACTIVE,LOS ANGELES,584.8,0.4804462271245926,JUNIOR,MIDDLE-AGED,110,2017,487.3333333333333,48.0,Project C,Ayush,0.574527717800145
423.0,JAMES NEWTON,30,MALE,IT,5836,3/5/2023,2.9,11,ACTIVE,NEW YORK,583.6,0.4789420907495613,SENIOR,MIDDLE-AGED,111,2023,486.3333333333333,423.0,Project A,Ayush,0.3681504379414579
270.0,RAY SMITH,31,OTHER,SALES,5819,8/20/2023,2.9,8,RETIRED,LOS ANGELES,581.9,0.47681123088493355,SENIOR,MIDDLE-AGED,116,2023,484.9166666666667,270.0,Project D,,-2.05042008606642
677.0,CORY ROTH,40,OTHER,IT,5765,9/16/2016,2.9,18,RETIRED,NEW YORK,576.5,0.47004261719729257,SENIOR,MIDDLE-AGED,113,2016,480.4166666666667,677.0,Project C,Ayush,-0.8529151345557737
621.0,HENRY BENNETT,51,OTHER,SALES,5740,9/29/2023,2.9,17,ACTIVE,LOS ANGELES,574.0,0.4669089997493106,SENIOR,MIDDLE-AGED,119,2023,478.3333333333333,621.0,Project D,,-3.3802047248704676
930.0,NATHANIEL CASTILLO DDS,45,OTHER,HR,5730,1/10/2016,2.9,19,RETIRED,LOS ANGELES,573.0,0.46565555277011783,SENIOR,MIDDLE-AGED,113,2016,477.5,930.0,Project C,Prajwal,-4.332582018532432
205.0,BRIAN HERRERA,29,OTHER,SALES,5703,12/16/2018,2.0,10,ACTIVE,REMOTE,570.3,0.4622712459262973,SENIOR,YOUNG,120,2018,475.25,205.0,Project D,,-4.003015251905275
799.0,LORI GRAY,49,FEMALE,IT,5690,2/9/2016,2.9,20,ACTIVE,NEW YORK,569.0,0.4606417648533467,SENIOR,MIDDLE-AGED,115,2016,474.1666666666667,799.0,Project D,Ayush,-2.1427731336725677
1.0,CORY ESCOBAR,48,FEMALE,HR,5641,5/3/2015,2.0,16,ACTIVE,REMOTE,564.1,0.45449987465530206,SENIOR,MIDDLE-AGED,114,2015,470.0833333333333,1.0,Project A,Prajwal,-5.818515735871108
971.0,MICHAEL REED,50,MALE,IT,5639,9/7/2015,3.0,2,RETIRED,NEW YORK,563.9,0.4542491852594635,JUNIOR,MIDDLE-AGED,116,2015,469.9166666666667,971.0,Project A,Ayush,-3.0198765730719876
954.0,RUTH OSBORNE,53,MALE,HR,5616,7/31/2022,4.0,16,ACTIVE,LOS ANGELES,561.6,0.45136625720732015,SENIOR,MIDDLE-AGED,115,2022,468.0,954.0,Project C,Prajwal,-6.235912847483095
14.0,BENJAMIN CALLAHAN,34,MALE,IT,5593,6/23/2019,2.9,2,RETIRED,LOS ANGELES,559.3,0.44848332915517675,JUNIOR,MIDDLE-AGED,118,2019,466.0833333333333,14.0,Project A,Ayush,-3.8109894791969543
637.0,TYLER MILLER,54,FEMALE,IT,5589,8/18/2021,2.9,10,RETIRED,LOS ANGELES,558.9,0.44798195036349964,SENIOR,MIDDLE-AGED,119,2021,465.75,637.0,Project A,Ayush,-3.8797819058165164
80.0,MARY SINGH,39,OTHER,IT,5562,7/6/2019,2.9,7,RETIRED,NEW YORK,556.2,0.4445976435196791,MID,MIDDLE-AGED,120,2019,463.5,80.0,Project D,Ayush,-4.344130785498562
330.0,TAYLOR LOPEZ,32,MALE,IT,5502,4/13/2021,4.0,9,ACTIVE,NEW YORK,550.2,0.4370769616445224,SENIOR,MIDDLE-AGED,121,2021,458.5,330.0,Project D,Ayush,-5.376017184791998
747.0,VERONICA BENNETT,51,OTHER,IT,5497,12/26/2021,5.0,13,RETIRED,LOS ANGELES,549.7,0.43645023815492606,SENIOR,MIDDLE-AGED,122,2021,458.0833333333333,747.0,Project B,Ayush,-5.462007718066451
271.0,DEREK MORRIS,30,FEMALE,IT,5472,1/7/2024,2.9,6,RETIRED,NEW YORK,547.2,0.4333166207069441,MID,MIDDLE-AGED,123,2024,456.0,271.0,Project C,Ayush,-5.891960384438715
715.0,MONIQUE DAVIS,22,FEMALE,IT,5449,3/10/2016,3.0,2,RETIRED,LOS ANGELES,544.9,0.4304336926548007,JUNIOR,YOUNG,124,2016,454.0833333333333,715.0,Project C,Ayush,-6.287516837501199
587.0,LESLIE HARMON,47,MALE,IT,5440,9/19/2016,2.9,11,RETIRED,NEW YORK,544.0,0.4293055903735272,SENIOR,MIDDLE-AGED,125,2016,453.3333333333333,587.0,Project D,Ayush,-6.442299797395214
436.0,JASON ROBERTSON,37,MALE,HR,5439,6/23/2016,2.0,14,ACTIVE,REMOTE,543.9,0.4291802456756079,SENIOR,MIDDLE-AGED,121,2016,453.25,436.0,Project C,Prajwal,-9.191084397695969
999.0,ASHLEY TAYLOR,51,FEMALE,IT,5437,2/18/2022,4.0,9,RETIRED,LOS ANGELES,543.7,0.42892955627976936,SENIOR,MIDDLE-AGED,126,2022,453.0833333333333,999.0,Project D,Ayush,-6.493894117359885
24.0,MARISSA STEWART,31,FEMALE,HR,5386,1/30/2021,2.9,3,ACTIVE,LOS ANGELES,538.6,0.4225369766858862,MID,MIDDLE-AGED,122,2021,448.8333333333333,24.0,Project C,Prajwal,-10.075966274313382
426.0,RYAN MUNOZ,45,MALE,SALES,5367,4/2/2023,2.9,13,RETIRED,LOS ANGELES,536.7,0.4201554274254199,SENIOR,MIDDLE-AGED,125,2023,447.25,426.0,Project D,,-9.658808146059199
11.0,NICOLE BELL,42,FEMALE,SALES,5336,1/28/2015,3.0,7,ACTIVE,LOS ANGELES,533.6,0.41626974178992227,MID,MIDDLE-AGED,126,2015,444.6666666666667,11.0,Project C,,-10.180622371412685
442.0,MICHELE RUIZ,53,OTHER,IT,5333,1/5/2023,2.9,19,ACTIVE,NEW YORK,533.3,0.41589370769616446,SENIOR,MIDDLE-AGED,128,2023,444.4166666666667,442.0,Project A,Ayush,-8.282497209468506
914.0,MEGAN WOODS,56,OTHER,IT,5322,10/10/2022,2.9,6,ACTIVE,LOS ANGELES,532.2,0.4145149160190524,MID,MIDDLE-AGED,129,2022,443.5,914.0,Project A,Ayush,-8.471676382672303
728.0,TAMMY DIXON,60,MALE,HR,5312,9/29/2021,2.9,8,ACTIVE,LOS ANGELES,531.2,0.4132614690398596,SENIOR,SENIOR,123,2021,442.6666666666667,728.0,Project A,Prajwal,-11.311461724684865
124.0,AMBER PITTMAN,24,FEMALE,SALES,5287,3/8/2018,2.0,2,ACTIVE,REMOTE,528.7,0.41012785159187765,JUNIOR,YOUNG,127,2018,440.5833333333333,124.0,Project D,,-11.005425501810134
873.0,KIMBERLY MILLER,52,MALE,SALES,5282,10/22/2022,4.0,5,RETIRED,LOS ANGELES,528.2,0.4095011281022813,MID,MIDDLE-AGED,128,2022,440.1666666666667,873.0,Project C,,-11.089589086544567
607.0,CHRISTOPHER KNAPP,54,MALE,HR,5240,7/13/2016,2.9,12,RETIRED,NEW YORK,524.0,0.4042366507896716,SENIOR,MIDDLE-AGED,126,2016,436.6666666666667,607.0,Project D,Prajwal,-12.51356540612739
721.0,SHANNON JACKSON,49,FEMALE,IT,5126,7/24/2015,4.0,13,RETIRED,LOS ANGELES,512.6,0.3899473552268739,SENIOR,MIDDLE-AGED,134,2015,427.1666666666667,721.0,Project B,Ayush,-11.842505287030857
922.0,RACHEL SPENCER,52,OTHER,IT,5090,12/26/2015,2.9,9,ACTIVE,LOS ANGELES,509.0,0.3854349461017799,SENIOR,MIDDLE-AGED,138,2015,424.1666666666667,922.0,Project D,Ayush,-12.461637126606918
655.0,ELIZABETH JOHNSTON,59,OTHER,HR,5042,4/18/2018,2.0,13,RETIRED,REMOTE,504.2,0.37941840060165455,SENIOR,MIDDLE-AGED,128,2018,420.1666666666667,655.0,Project B,Prajwal,-15.819350530094331
784.0,DANIELLE GOMEZ,46,MALE,IT,5031,6/16/2018,2.9,7,ACTIVE,NEW YORK,503.1,0.37803960892454247,MID,MIDDLE-AGED,139,2018,419.25,784.0,Project B,Ayush,-13.476325419245464
182.0,BROOKE NORRIS,58,MALE,IT,5025,10/24/2020,2.9,13,RETIRED,LOS ANGELES,502.5,0.3772875407370268,SENIOR,MIDDLE-AGED,140,2020,418.75,182.0,Project D,Ayush,-13.579514059174807
756.0,STANLEY BAKER,28,OTHER,SALES,5009,8/14/2017,2.0,2,ACTIVE,REMOTE,500.9,0.37528202557031837,JUNIOR,YOUNG,132,2017,417.4166666666667,756.0,Project A,,-15.684920813044629
57.0,JEREMY CONWAY,38,OTHER,IT,4954,8/11/2024,2.9,12,ACTIVE,LOS ANGELES,495.4,0.3683880671847581,SENIOR,MIDDLE-AGED,142,2024,412.8333333333333,57.0,Project D,Ayush,-14.80057963167204
980.0,CRYSTAL ESPINOZA,55,FEMALE,IT,4952,9/4/2023,2.0,5,ACTIVE,REMOTE,495.2,0.36813737778891953,MID,MIDDLE-AGED,143,2023,412.6666666666667,980.0,Project A,Ayush,-14.834975844981821
772.0,WILLIE MILLER,39,FEMALE,SALES,4949,8/27/2022,5.0,7,RETIRED,NEW YORK,494.9,0.36776134369516167,MID,MIDDLE-AGED,134,2022,412.4166666666667,772.0,Project A,,-16.69488382985783
702.0,LISA RAMIREZ,43,FEMALE,IT,4925,5/25/2016,2.9,3,ACTIVE,NEW YORK,492.5,0.364753070945099,MID,MIDDLE-AGED,145,2016,410.4166666666667,702.0,Project B,Ayush,-15.299324724663865
337.0,JOSE COSTA,58,OTHER,IT,4908,9/25/2015,2.9,18,RETIRED,NEW YORK,490.8,0.36262221108047127,SENIOR,MIDDLE-AGED,146,2015,409.0,337.0,Project B,Ayush,-15.591692537797005
836.0,JONATHAN RIVERA,47,FEMALE,HR,4906,6/8/2019,2.0,8,RETIRED,REMOTE,490.6,0.3623715216846327,SENIOR,MIDDLE-AGED,129,2019,408.8333333333333,836.0,Project C,Prajwal,-18.089990817263544
913.0,COURTNEY LOPEZ,59,FEMALE,SALES,4875,1/18/2015,2.9,6,ACTIVE,LOS ANGELES,487.5,0.35848583604913514,MID,MIDDLE-AGED,137,2015,406.25,913.0,Project D,,-17.940504883927446
862.0,DANIEL DUKE,45,MALE,HR,4808,12/13/2019,2.0,10,ACTIVE,REMOTE,480.8,0.3500877412885435,SENIOR,MIDDLE-AGED,130,2019,400.6666666666667,862.0,Project A,Prajwal,-19.726187494782536
231.0,CONNIE LUCAS,41,OTHER,HR,4782,12/9/2015,4.0,7,RETIRED,LOS ANGELES,478.2,0.34682877914264226,MID,MIDDLE-AGED,131,2015,398.5,231.0,Project C,Prajwal,-20.160280490859
622.0,JOHN RODRIGUEZ,42,FEMALE,IT,4781,1/20/2023,2.9,4,RETIRED,LOS ANGELES,478.1,0.346703434444723,MID,MIDDLE-AGED,147,2023,398.4166666666667,622.0,Project A,Ayush,-17.77585208296811
468.0,KIMBERLY BROWN,47,OTHER,HR,4781,12/11/2021,2.0,18,RETIRED,REMOTE,478.1,0.346703434444723,SENIOR,MIDDLE-AGED,132,2021,398.4166666666667,468.0,Project C,Prajwal,-20.176976375323484
339.0,AMANDA CONNER,32,FEMALE,IT,4750,4/25/2017,2.9,8,ACTIVE,LOS ANGELES,475.0,0.3428177488092254,SENIOR,MIDDLE-AGED,148,2017,395.8333333333333,339.0,Project D,Ayush,-18.308993389269716
695.0,JESSICA LOPEZ,50,FEMALE,HR,4721,11/8/2024,5.0,16,ACTIVE,LOS ANGELES,472.1,0.3391827525695663,SENIOR,MIDDLE-AGED,133,2024,393.4166666666667,695.0,Project C,Prajwal,-21.178729443192253
798.0,MELANIE CASEY,44,OTHER,HR,4713,10/9/2017,5.0,2,ACTIVE,NEW YORK,471.3,0.3381799949862121,JUNIOR,MIDDLE-AGED,134,2017,392.75,798.0,Project C,Prajwal,-21.312296518908088
603.0,MELISSA EVANS,37,FEMALE,HR,4680,11/22/2020,2.0,13,RETIRED,REMOTE,468.0,0.3340436199548759,SENIOR,MIDDLE-AGED,136,2020,390.0,603.0,Project C,Prajwal,-21.863260706235913
59.0,ERIK MOSS,57,MALE,SALES,4651,2/7/2018,2.9,19,ACTIVE,LOS ANGELES,465.1,0.33040862371521684,SENIOR,MIDDLE-AGED,141,2018,387.5833333333333,59.0,Project A,,-21.71103348003006
827.0,MARIA FRANKLIN,60,MALE,IT,4635,10/16/2023,5.0,9,RETIRED,NEW YORK,463.5,0.3284031085485084,SENIOR,SENIOR,150,2023,386.25,827.0,Project B,Ayush,-20.286775654582133
536.0,THOMAS STUART,30,MALE,HR,4615,1/7/2022,2.9,11,RETIRED,LOS ANGELES,461.5,0.32589621459012286,SENIOR,MIDDLE-AGED,138,2022,384.5833333333333,536.0,Project A,Prajwal,-22.94849319642708
28.0,JORDAN WARREN,55,FEMALE,HR,4608,7/7/2018,2.9,18,RETIRED,LOS ANGELES,460.8,0.3250188017046879,SENIOR,MIDDLE-AGED,139,2018,384.0,28.0,Project C,Prajwal,-23.065364387678436
211.0,JOSEPH LI,42,MALE,HR,4603,7/30/2016,2.0,12,RETIRED,REMOTE,460.3,0.32439207821509153,SENIOR,MIDDLE-AGED,140,2016,383.5833333333333,211.0,Project C,Prajwal,-23.148843810000834
948.0,LAURA WHITE,60,OTHER,IT,4595,7/17/2016,2.9,6,RETIRED,NEW YORK,459.5,0.32338932063173725,MID,SENIOR,151,2016,382.9166666666667,948.0,Project B,Ayush,-20.97469992077776
311.0,DR. SUSAN COOK,51,FEMALE,SALES,4572,7/28/2020,4.0,20,RETIRED,LOS ANGELES,457.2,0.3205063925795939,SENIOR,MIDDLE-AGED,142,2020,381.0,311.0,Project B,,-23.040818118834107
729.0,LINDA HAWKINS,60,OTHER,HR,4524,6/5/2015,3.0,3,RETIRED,NEW YORK,452.4,0.31448984707946853,MID,SENIOR,141,2015,377.0,729.0,Project C,Prajwal,-24.467818682694716
277.0,DAVID COX,45,FEMALE,IT,4514,6/11/2022,4.0,2,ACTIVE,LOS ANGELES,451.4,0.31323640010027576,JUNIOR,MIDDLE-AGED,153,2022,376.1666666666667,277.0,Project C,Ayush,-22.367746559823896
454.0,JAY CLARK,54,OTHER,IT,4395,9/21/2019,2.0,18,RETIRED,REMOTE,439.5,0.29832038104788167,SENIOR,MIDDLE-AGED,156,2019,366.25,454.0,Project D,Ayush,-24.414321251755876
314.0,KENNETH BROWN,33,MALE,SALES,4391,5/3/2020,5.0,6,RETIRED,LOS ANGELES,439.1,0.29781900225620456,MID,MIDDLE-AGED,148,2020,365.9166666666667,314.0,Project A,,-26.087539886220597
425.0,TRICIA COLEMAN,49,MALE,SALES,4385,8/14/2019,2.9,2,RETIRED,LOS ANGELES,438.5,0.2970669340686889,JUNIOR,MIDDLE-AGED,149,2019,365.4166666666667,425.0,Project B,,-26.188536187901917
481.0,BRANDON FLORES,41,FEMALE,SALES,4368,11/10/2023,4.0,11,RETIRED,LOS ANGELES,436.8,0.29493607420406115,SENIOR,MIDDLE-AGED,150,2023,364.0,481.0,Project C,,-26.47469237599899
274.0,CARRIE SLOAN,30,OTHER,HR,4347,1/16/2018,4.0,6,RETIRED,NEW YORK,434.7,0.29230383554775635,MID,MIDDLE-AGED,143,2018,362.25,274.0,Project A,Prajwal,-27.42299023290759
893.0,CHELSEA HILL,31,MALE,HR,4345,5/3/2024,5.0,12,ACTIVE,LOS ANGELES,434.5,0.2920531461519178,SENIOR,MIDDLE-AGED,144,2024,362.0833333333333,893.0,Project B,Prajwal,-27.45638200183655
261.0,STEPHEN MITCHELL,52,FEMALE,IT,4322,7/29/2022,3.0,4,ACTIVE,NEW YORK,432.2,0.2891702180997744,MID,MIDDLE-AGED,158,2022,360.1666666666667,261.0,Project D,Ayush,-25.669783037562887
5.0,AMBER HARRIS,35,OTHER,IT,4317,2/15/2020,5.0,16,RETIRED,NEW YORK,431.7,0.288543494610178,SENIOR,MIDDLE-AGED,159,2020,359.75,5.0,Project A,Ayush,-25.75577357083734
898.0,LAURA MONTGOMERY,56,FEMALE,SALES,4269,6/15/2020,2.9,13,ACTIVE,LOS ANGELES,426.9,0.28252694911005266,SENIOR,MIDDLE-AGED,152,2020,355.75,898.0,Project A,,-28.14113135374077
691.0,DR. DANNY MCCANN,60,OTHER,IT,4255,9/12/2021,2.9,17,ACTIVE,NEW YORK,425.5,0.2807721233391828,SENIOR,SENIOR,161,2021,354.5833333333333,691.0,Project B,Ayush,-26.82205618344056
441.0,CATHERINE JORDAN,43,FEMALE,SALES,4246,6/12/2019,2.9,11,ACTIVE,LOS ANGELES,424.6,0.27964402105790925,SENIOR,MIDDLE-AGED,153,2019,353.8333333333333,441.0,Project C,,-28.528283843519166
516.0,MEGAN SULLIVAN,42,FEMALE,IT,4243,5/24/2023,3.0,2,ACTIVE,LOS ANGELES,424.3,0.2792679869641514,JUNIOR,MIDDLE-AGED,162,2023,353.5833333333333,516.0,Project A,Ayush,-27.028433463299244
355.0,KAREN RAMOS,45,FEMALE,HR,4213,11/12/2016,3.0,12,RETIRED,LOS ANGELES,421.3,0.27550764602657307,SENIOR,MIDDLE-AGED,147,2016,351.0833333333333,355.0,Project A,Prajwal,-29.660238751147844
615.0,KIMBERLY DUNLAP,53,MALE,HR,4213,6/21/2018,2.9,2,ACTIVE,LOS ANGELES,421.3,0.27550764602657307,JUNIOR,MIDDLE-AGED,147,2018,351.0833333333333,615.0,Project B,Prajwal,-29.660238751147844
673.0,STANLEY WHITE,35,FEMALE,IT,4196,11/5/2022,5.0,6,RETIRED,NEW YORK,419.6,0.27337678616194533,MID,MIDDLE-AGED,163,2022,349.6666666666667,673.0,Project D,Ayush,-27.8367444760791
708.0,MEGAN LAMB,51,FEMALE,SALES,4164,9/11/2020,3.0,8,RETIRED,NEW YORK,416.4,0.26936575582852845,SENIOR,MIDDLE-AGED,156,2020,347.0,708.0,Project D,,-29.908566633163876
259.0,KARINA HARRIS,40,FEMALE,HR,4123,10/9/2022,4.0,6,RETIRED,NEW YORK,412.3,0.26422662321383805,MID,MIDDLE-AGED,150,2022,343.5833333333333,259.0,Project A,Prajwal,-31.162868352950994
416.0,BRANDON SMITH,43,FEMALE,IT,4117,10/20/2015,2.9,5,ACTIVE,LOS ANGELES,411.7,0.2634745550263224,MID,MIDDLE-AGED,164,2015,343.0833333333333,416.0,Project B,Ayush,-29.195394901815458
597.0,KATHY CLARK,55,FEMALE,IT,4040,5/23/2015,2.0,19,RETIRED,REMOTE,404.0,0.253823013286538,SENIOR,MIDDLE-AGED,165,2015,336.6666666666667,597.0,Project B,Ayush,-30.519649114242032
648.0,EMILY MARTIN,58,MALE,SALES,4038,9/6/2020,3.0,13,ACTIVE,LOS ANGELES,403.8,0.25357232389069945,SENIOR,MIDDLE-AGED,158,2020,336.5,648.0,Project D,,-32.02948896847159
117.0,SEAN OWENS,45,MALE,HR,4012,7/9/2016,2.9,10,RETIRED,LOS ANGELES,401.2,0.2503133617447982,SENIOR,MIDDLE-AGED,152,2016,334.3333333333333,117.0,Project C,Prajwal,-33.016111528508226
183.0,LINDA WILSON,45,MALE,IT,3979,3/7/2024,3.0,12,ACTIVE,NEW YORK,397.9,0.24617698671346203,SENIOR,MIDDLE-AGED,166,2024,331.5833333333333,183.0,Project C,Ayush,-31.568733620190358
63.0,JOSEPH ANDERSON,57,FEMALE,IT,3933,6/2/2023,2.9,6,ACTIVE,LOS ANGELES,393.3,0.24041113060917524,MID,MIDDLE-AGED,168,2023,327.75,63.0,Project C,Ayush,-32.35984652631533
548.0,TARA WALLER,50,OTHER,IT,3902,10/21/2020,2.9,5,RETIRED,LOS ANGELES,390.2,0.2365254449736776,MID,MIDDLE-AGED,170,2020,325.1666666666667,548.0,Project B,Ayush,-32.89298783261693
359.0,SCOTT HERNANDEZ,31,FEMALE,IT,3830,12/26/2019,2.9,5,RETIRED,LOS ANGELES,383.0,0.22750062672348959,MID,MIDDLE-AGED,172,2019,319.1666666666667,359.0,Project A,Ayush,-34.13125151176906
452.0,CRYSTAL REYES,41,FEMALE,SALES,3824,10/20/2018,2.9,9,ACTIVE,NEW YORK,382.4,0.22674855853597392,SENIOR,MIDDLE-AGED,163,2018,318.6666666666667,452.0,Project C,,-35.631690395105345
74.0,AMANDA RODGERS,60,MALE,IT,3767,3/21/2018,3.0,3,RETIRED,LOS ANGELES,376.7,0.21960391075457508,MID,SENIOR,173,2018,313.9166666666667,74.0,Project D,Ayush,-35.21473223102716
149.0,MATTHEW PERKINS,57,OTHER,IT,3757,7/12/2023,2.9,19,RETIRED,NEW YORK,375.7,0.2183504637753823,SENIOR,MIDDLE-AGED,174,2023,313.0833333333333,149.0,Project D,Ayush,-35.38671329757607
412.0,TAMMY ALLISON,52,FEMALE,SALES,3739,6/29/2016,5.0,5,ACTIVE,LOS ANGELES,373.9,0.2160942592128353,MID,MIDDLE-AGED,165,2016,311.5833333333333,412.0,Project A,,-37.062471335590715
189.0,PATRICK WILLIAMS,50,OTHER,IT,3737,8/7/2021,2.9,4,ACTIVE,NEW YORK,373.7,0.21584356981699673,MID,MIDDLE-AGED,175,2021,311.4166666666667,189.0,Project A,Ayush,-35.730675430673884
428.0,ASHLEY GONZALES,41,OTHER,SALES,3720,8/16/2015,2.0,15,RETIRED,REMOTE,372.0,0.21371270995236902,SENIOR,MIDDLE-AGED,166,2015,310.0,428.0,Project C,,-37.38229295758156
810.0,ERIC MONTGOMERY,60,FEMALE,HR,3710,7/12/2023,2.9,19,ACTIVE,LOS ANGELES,371.0,0.21245926297317624,SENIOR,SENIOR,156,2023,309.1666666666667,810.0,Project B,Prajwal,-38.05826863678104
778.0,DANIELLE GARZA,58,OTHER,IT,3703,4/11/2016,2.0,6,RETIRED,REMOTE,370.3,0.2115818500877413,MID,MIDDLE-AGED,177,2016,308.5833333333333,778.0,Project D,Ayush,-36.315411056940164
315.0,SAMANTHA CLARK DDS,45,OTHER,IT,3700,2/28/2016,3.0,2,RETIRED,NEW YORK,370.0,0.21120581599398344,JUNIOR,MIDDLE-AGED,178,2016,308.3333333333333,315.0,Project B,Ayush,-36.367005376904835
312.0,JOHN JENSEN,58,OTHER,IT,3700,4/17/2023,2.9,16,ACTIVE,NEW YORK,370.0,0.21120581599398344,SENIOR,MIDDLE-AGED,178,2023,308.3333333333333,312.0,Project D,Ayush,-36.367005376904835
418.0,ANGEL FULLER,39,MALE,HR,3677,8/4/2015,2.9,3,ACTIVE,NEW YORK,367.7,0.20832288794184006,MID,MIDDLE-AGED,157,2015,306.4166666666667,418.0,Project C,Prajwal,-38.60923282410886
180.0,KATHRYN CHOI,34,OTHER,IT,3671,5/8/2021,2.9,16,ACTIVE,LOS ANGELES,367.1,0.2075708197543244,SENIOR,MIDDLE-AGED,180,2021,305.9166666666667,180.0,Project B,Ayush,-36.86575046989666
219.0,MELISSA FLORES,38,OTHER,SALES,3663,6/14/2016,3.0,3,RETIRED,NEW YORK,366.3,0.20656806217097018,MID,MIDDLE-AGED,169,2016,305.25,219.0,Project B,,-38.3417578235541
225.0,LORI RODRIGUEZ,27,OTHER,IT,3660,12/15/2023,2.9,9,ACTIVE,LOS ANGELES,366.0,0.20619202807721235,SENIOR,YOUNG,181,2023,305.0,225.0,Project D,Ayush,-37.05492964310045
336.0,DANNY ALLEN,35,MALE,HR,3656,10/10/2016,2.0,16,RETIRED,REMOTE,365.6,0.2056906492855352,SENIOR,MIDDLE-AGED,159,2016,304.6666666666667,336.0,Project D,Prajwal,-38.95984639786293
58.0,JOHNATHAN OBRIEN,58,FEMALE,SALES,3635,4/9/2021,2.9,7,ACTIVE,NEW YORK,363.5,0.20305841062923038,MID,MIDDLE-AGED,171,2021,302.9166666666667,58.0,Project B,,-38.813073898066925
636.0,STACY BELL,37,FEMALE,SALES,3622,2/10/2017,2.9,15,ACTIVE,LOS ANGELES,362.2,0.20142892955627978,SENIOR,MIDDLE-AGED,172,2017,301.8333333333333,636.0,Project A,,-39.03189921837645
524.0,GWENDOLYN RAY,36,FEMALE,SALES,3619,6/8/2021,3.0,7,RETIRED,NEW YORK,361.9,0.20105289546252195,MID,MIDDLE-AGED,173,2021,301.5833333333333,524.0,Project B,,-39.08239736921711
551.0,PATRICIA TERRY,50,MALE,SALES,3609,1/30/2020,2.9,3,RETIRED,LOS ANGELES,360.9,0.19979944848332915,MID,MIDDLE-AGED,174,2020,300.75,551.0,Project C,,-39.25072453868598
143.0,KELLY PHILLIPS,42,FEMALE,SALES,3591,7/17/2020,5.0,20,RETIRED,LOS ANGELES,359.1,0.19754324392078215,SENIOR,MIDDLE-AGED,175,2020,299.25,143.0,Project A,,-39.55371344372994
714.0,MELISSA WALLACE,41,FEMALE,IT,3591,9/22/2015,2.0,18,RETIRED,REMOTE,359.1,0.19754324392078215,SENIOR,MIDDLE-AGED,182,2015,299.25,714.0,Project D,Ayush,-38.241599002287906
815.0,JENNIFER WARD,31,FEMALE,IT,3565,11/30/2021,5.0,4,ACTIVE,NEW YORK,356.5,0.1942842817748809,MID,MIDDLE-AGED,183,2021,297.0833333333333,815.0,Project A,Ayush,-38.68874977531506
574.0,PATRICK RODRIGUEZ,38,MALE,IT,3532,11/18/2018,2.9,2,ACTIVE,NEW YORK,353.2,0.19014790674354476,JUNIOR,MIDDLE-AGED,184,2018,294.3333333333333,574.0,Project D,Ayush,-39.25628729492645
415.0,MATTHEW HAMPTON,37,MALE,SALES,3524,7/22/2016,2.9,12,RETIRED,LOS ANGELES,352.4,0.1891451491601905,SENIOR,MIDDLE-AGED,177,2016,293.6666666666667,415.0,Project A,,-40.68150547917135
18.0,JACQUELINE RANDALL,31,FEMALE,HR,3519,5/18/2018,4.0,6,ACTIVE,NEW YORK,351.9,0.18851842567059413,MID,MIDDLE-AGED,160,2018,293.25,18.0,Project D,Prajwal,-41.24718256949662
202.0,ELIZABETH JORDAN,23,OTHER,HR,3514,10/1/2018,2.9,2,RETIRED,LOS ANGELES,351.4,0.18789170218099774,JUNIOR,YOUNG,162,2018,292.8333333333333,202.0,Project D,Prajwal,-41.33066199181902
366.0,JOHNNY COOK,52,OTHER,SALES,3504,2/12/2022,4.0,9,RETIRED,LOS ANGELES,350.4,0.18663825520180496,SENIOR,MIDDLE-AGED,178,2022,292.0,366.0,Project A,,-41.018159818109076
343.0,ZACHARY GUTIERREZ,45,OTHER,HR,3491,6/3/2019,2.9,15,RETIRED,NEW YORK,349.1,0.18500877412885436,SENIOR,MIDDLE-AGED,164,2019,290.9166666666667,343.0,Project A,Prajwal,-41.714667334502046
165.0,SHERYL EVERETT DDS,57,MALE,SALES,3479,11/15/2017,2.9,13,RETIRED,NEW YORK,347.9,0.183504637753823,SENIOR,MIDDLE-AGED,179,2017,289.9166666666667,165.0,Project C,,-41.438977741781244
263.0,JAMES HINES,58,MALE,IT,3439,12/13/2022,2.9,16,ACTIVE,LOS ANGELES,343.9,0.17849084983705188,SENIOR,MIDDLE-AGED,185,2022,286.5833333333333,263.0,Project D,Ayush,-40.85571121383128
956.0,ERIN KELLEY,49,OTHER,SALES,3437,8/19/2019,2.9,18,RETIRED,LOS ANGELES,343.7,0.17824016044121332,SENIOR,MIDDLE-AGED,180,2019,286.4166666666667,956.0,Project D,,-42.14595185355049
582.0,SARA HARRIS,35,OTHER,IT,3433,3/7/2024,2.9,11,ACTIVE,NEW YORK,343.3,0.17773878164953621,SENIOR,MIDDLE-AGED,186,2024,286.0833333333333,582.0,Project A,Ayush,-40.95889985376062
766.0,STEVE SMITH,42,FEMALE,SALES,3414,2/13/2023,2.0,20,RETIRED,REMOTE,341.4,0.17535723238906994,SENIOR,MIDDLE-AGED,181,2023,284.5,766.0,Project C,,-42.53310434332888
195.0,ERIC YORK,34,MALE,HR,3397,6/25/2022,4.0,2,ACTIVE,LOS ANGELES,339.7,0.17322637252444223,JUNIOR,MIDDLE-AGED,169,2022,283.0833333333333,195.0,Project B,Prajwal,-43.28408047416312
758.0,MR. HARRY ALLEN,34,OTHER,SALES,3395,5/31/2015,3.0,4,ACTIVE,LOS ANGELES,339.5,0.17297568312860365,MID,MIDDLE-AGED,182,2015,282.9166666666667,758.0,Project C,,-42.85292596531973
196.0,BREANNA BALLARD,20,OTHER,SALES,3386,8/31/2020,2.9,2,RETIRED,NEW YORK,338.6,0.17184758084733015,JUNIOR,YOUNG,183,2020,282.1666666666667,196.0,Project B,,-43.00442041784171
224.0,CHERYL POTTER,59,MALE,IT,3379,7/30/2018,2.9,8,RETIRED,LOS ANGELES,337.9,0.1709701679618952,SENIOR,MIDDLE-AGED,187,2018,281.5833333333333,224.0,Project D,Ayush,-41.88759761312471
934.0,JEANETTE MCBRIDE,37,MALE,IT,3364,12/10/2015,2.0,8,ACTIVE,REMOTE,336.4,0.16908999749310605,SENIOR,MIDDLE-AGED,188,2015,280.3333333333333,934.0,Project D,Ayush,-42.14556921294807
353.0,PAUL WALTERS,39,FEMALE,SALES,3353,11/12/2017,2.9,15,ACTIVE,LOS ANGELES,335.3,0.167711205815994,SENIOR,MIDDLE-AGED,184,2017,279.4166666666667,353.0,Project D,,-43.55990007708897
652.0,JULIAN MAXWELL,47,FEMALE,IT,3343,1/26/2022,2.9,2,RETIRED,LOS ANGELES,334.3,0.1664577588368012,JUNIOR,MIDDLE-AGED,189,2022,278.5833333333333,652.0,Project A,Ayush,-42.50672945270077
915.0,BENJAMIN BROWN,31,FEMALE,HR,3340,12/19/2016,2.9,4,RETIRED,LOS ANGELES,334.0,0.16608172474304336,MID,MIDDLE-AGED,171,2016,278.3333333333333,915.0,Project C,Prajwal,-44.23574588863845
902.0,ANDREA BOND,50,OTHER,HR,3312,6/8/2023,2.9,4,RETIRED,LOS ANGELES,331.2,0.1625720732013036,MID,MIDDLE-AGED,172,2023,276.0,902.0,Project B,Prajwal,-44.70323065364388
537.0,JOSEPH ADAMS,31,FEMALE,SALES,3299,2/28/2018,2.9,10,RETIRED,NEW YORK,329.9,0.16094259212835296,SENIOR,MIDDLE-AGED,185,2018,274.9166666666667,537.0,Project A,,-44.46886679222085
975.0,BRETT MYERS,37,MALE,IT,3288,5/16/2018,2.0,15,RETIRED,REMOTE,328.8,0.1595638004512409,SENIOR,MIDDLE-AGED,190,2018,274.0,975.0,Project B,Ayush,-43.452625318719754
162.0,MARIO NEWMAN,36,OTHER,IT,3284,4/20/2015,2.9,15,RETIRED,LOS ANGELES,328.4,0.1590624216595638,SENIOR,MIDDLE-AGED,191,2015,273.6666666666667,162.0,Project A,Ayush,-43.52141774533932
808.0,JEREMY COOPER,58,FEMALE,HR,3241,9/16/2023,2.0,6,ACTIVE,REMOTE,324.1,0.15367259964903485,MID,MIDDLE-AGED,173,2023,270.0833333333333,808.0,Project D,Prajwal,-45.88863845062192
294.0,GARY GRANT,41,OTHER,IT,3174,9/5/2017,2.0,16,RETIRED,REMOTE,317.4,0.1452745048884432,SENIOR,MIDDLE-AGED,193,2017,264.5,294.0,Project D,Ayush,-45.41320947737728
288.0,MICHELE ROMAN,60,OTHER,HR,3162,6/14/2017,2.9,20,ACTIVE,NEW YORK,316.2,0.14377036851341188,SENIOR,SENIOR,175,2017,263.5,288.0,Project B,Prajwal,-47.2076133233158
583.0,NICHOLAS ANDERSON,60,MALE,SALES,3154,2/13/2016,2.9,12,RETIRED,NEW YORK,315.4,0.14276761093005766,SENIOR,SENIOR,186,2016,262.8333333333333,583.0,Project B,,-46.909610749519416
789.0,LAUREN WILLIAMS,27,OTHER,SALES,3153,12/4/2020,2.0,5,ACTIVE,REMOTE,315.3,0.14264226623213838,MID,YOUNG,187,2020,262.75,789.0,Project D,,-46.9264434664663
506.0,DR. JUSTIN VEGA,50,FEMALE,HR,3135,3/20/2020,2.9,17,RETIRED,LOS ANGELES,313.5,0.1403860616695914,SENIOR,MIDDLE-AGED,176,2020,261.25,506.0,Project B,Prajwal,-47.658402203856745
965.0,APRIL PARSONS,46,OTHER,IT,3132,7/4/2015,2.0,10,RETIRED,REMOTE,313.2,0.14001002757583353,SENIOR,MIDDLE-AGED,194,2015,261.0,965.0,Project B,Ayush,-46.135529956882685
136.0,DONNA FOX,49,MALE,SALES,3128,9/29/2023,2.0,6,RETIRED,REMOTE,312.8,0.13950864878415642,MID,MIDDLE-AGED,188,2023,260.6666666666667,136.0,Project D,,-47.34726139013847
616.0,DAVID PENA,59,MALE,IT,3105,7/9/2017,3.0,9,ACTIVE,LOS ANGELES,310.5,0.13662572073201304,SENIOR,MIDDLE-AGED,195,2017,258.75,616.0,Project C,Ayush,-46.599878836564734
534.0,TONI HALL,53,OTHER,HR,3093,10/23/2016,3.0,7,ACTIVE,NEW YORK,309.3,0.1351215843569817,MID,MIDDLE-AGED,177,2016,257.75,534.0,Project A,Prajwal,-48.359629351364894
256.0,MEGHAN BURGESS,49,MALE,HR,3081,8/23/2017,2.9,5,RETIRED,NEW YORK,308.1,0.13361744798195035,MID,MIDDLE-AGED,178,2017,256.75,256.0,Project B,Prajwal,-48.55997996493864
526.0,ASHLEY BARBER,55,MALE,IT,3072,8/26/2022,2.9,16,RETIRED,NEW YORK,307.2,0.13248934570067686,SENIOR,MIDDLE-AGED,197,2022,256.0,526.0,Project D,Ayush,-47.167416356176126
513.0,RYAN HESS,41,MALE,HR,3067,12/6/2023,2.0,19,ACTIVE,REMOTE,306.7,0.13186262221108047,SENIOR,MIDDLE-AGED,179,2023,255.58333333333334,513.0,Project B,Prajwal,-48.79372234744135
187.0,ANTHONY LUCAS,48,FEMALE,HR,3064,8/26/2023,4.0,11,ACTIVE,NEW YORK,306.4,0.13148658811732264,SENIOR,MIDDLE-AGED,180,2023,255.33333333333334,187.0,Project B,Prajwal,-48.84381000083479
3.0,CHAD NICHOLS,57,OTHER,SALES,3058,2/12/2019,2.9,2,RETIRED,NEW YORK,305.8,0.13073451992980697,JUNIOR,MIDDLE-AGED,191,2019,254.83333333333334,3.0,Project D,,-48.52555157642054
192.0,JOHN SULLIVAN,29,OTHER,IT,3049,8/29/2018,4.0,2,RETIRED,NEW YORK,304.9,0.12960641764853348,JUNIOR,YOUNG,199,2018,254.08333333333334,192.0,Project D,Ayush,-47.5629728092386
286.0,MR. KEVIN BRADLEY,29,FEMALE,SALES,2993,2/14/2015,2.9,8,RETIRED,LOS ANGELES,299.3,0.1225871145650539,SENIOR,YOUNG,192,2015,249.41666666666666,286.0,Project A,,-49.619678177968176
453.0,LINDSEY HALL,23,OTHER,IT,2978,5/17/2022,2.0,5,ACTIVE,REMOTE,297.8,0.12070694409626473,MID,YOUNG,202,2022,248.16666666666666,453.0,Project B,Ayush,-48.78403838173583
520.0,OMAR THOMAS,60,MALE,SALES,2949,11/12/2015,2.0,18,RETIRED,REMOTE,294.9,0.11707194785660567,SENIOR,SENIOR,193,2015,245.75,520.0,Project A,,-50.360317723631184
864.0,MISS JESSICA JONES,39,MALE,HR,2947,10/4/2021,2.9,10,RETIRED,LOS ANGELES,294.7,0.11682125846076712,SENIOR,MIDDLE-AGED,181,2021,245.58333333333334,864.0,Project D,Prajwal,-50.79722848317889
946.0,JOEL TYLER,49,MALE,SALES,2940,5/5/2020,5.0,8,RETIRED,NEW YORK,294.0,0.11594384557533216,SENIOR,MIDDLE-AGED,194,2020,245.0,946.0,Project D,,-50.51181217615317
879.0,ASHLEY ALVARADO,54,OTHER,IT,2937,10/3/2018,2.9,13,RETIRED,LOS ANGELES,293.7,0.11556781148157433,SENIOR,MIDDLE-AGED,203,2018,244.75,879.0,Project D,Ayush,-49.48916075458635
171.0,TYLER FIGUEROA,48,FEMALE,SALES,2913,12/4/2020,2.0,6,ACTIVE,REMOTE,291.3,0.11255953873151166,MID,MIDDLE-AGED,195,2020,242.75,171.0,Project D,,-50.966295533719105
794.0,CARRIE CLARK,30,FEMALE,HR,2912,12/21/2018,2.9,11,ACTIVE,NEW YORK,291.2,0.11243419403359238,SENIOR,MIDDLE-AGED,182,2018,242.66666666666666,794.0,Project C,Prajwal,-51.38158443943568
102.0,JENNIFER HANSEN,27,OTHER,HR,2912,2/22/2020,2.0,3,RETIRED,REMOTE,291.2,0.11243419403359238,MID,YOUNG,182,2020,242.66666666666666,102.0,Project B,Prajwal,-51.38158443943568
646.0,ALICE MARTIN,37,MALE,HR,2899,2/10/2021,2.0,4,RETIRED,REMOTE,289.9,0.11080471296064176,MID,MIDDLE-AGED,184,2021,241.58333333333334,646.0,Project C,Prajwal,-51.598630937473914
119.0,TARA HUDSON,48,FEMALE,IT,2898,1/2/2022,2.9,12,RETIRED,LOS ANGELES,289.8,0.11067936826272248,SENIOR,MIDDLE-AGED,204,2022,241.5,119.0,Project D,Ayush,-50.159886914127085
745.0,ERIK RODRIGUEZ,51,OTHER,HR,2892,10/6/2016,2.9,8,ACTIVE,LOS ANGELES,289.2,0.10992730007520682,SENIOR,MIDDLE-AGED,185,2016,241.0,745.0,Project A,Prajwal,-51.71550212872526
62.0,CARMEN TAYLOR,33,MALE,SALES,2851,1/30/2023,2.0,11,ACTIVE,REMOTE,285.1,0.10478816746051642,SENIOR,MIDDLE-AGED,196,2023,237.58333333333334,62.0,Project C,,-52.009923984426074
651.0,JASON WARREN,57,FEMALE,HR,2850,10/24/2019,2.9,2,ACTIVE,LOS ANGELES,285.0,0.10466282276259714,JUNIOR,MIDDLE-AGED,186,2019,237.5,651.0,Project C,Prajwal,-52.41672927623341
243.0,SCOTT RUSSELL,35,OTHER,IT,2847,2/19/2020,2.9,11,ACTIVE,LOS ANGELES,284.7,0.10428678866883931,SENIOR,MIDDLE-AGED,205,2020,237.25,243.0,Project C,Ayush,-51.0369903535265
560.0,CARRIE THOMAS,39,FEMALE,SALES,2831,3/22/2022,4.0,8,ACTIVE,LOS ANGELES,283.1,0.10228127350213086,SENIOR,MIDDLE-AGED,197,2022,235.91666666666666,560.0,Project D,,-52.346578323363815
839.0,ANNE ESTES,59,FEMALE,SALES,2801,4/7/2015,2.0,9,RETIRED,REMOTE,280.1,0.09852093256455252,SENIOR,MIDDLE-AGED,198,2015,233.41666666666666,839.0,Project D,,-52.85155983177041
193.0,ALBERT STEVENS,29,OTHER,HR,2776,2/24/2021,2.0,2,ACTIVE,REMOTE,277.6,0.09538731511657057,JUNIOR,YOUNG,187,2021,231.33333333333334,193.0,Project B,Prajwal,-53.65222472660489
49.0,JAMIE WOOD,46,MALE,SALES,2773,2/25/2023,4.0,9,ACTIVE,NEW YORK,277.3,0.09501128102281274,SENIOR,MIDDLE-AGED,200,2023,231.08333333333334,49.0,Project C,,-53.322875906283244
545.0,ELIZABETH WATSON,47,FEMALE,HR,2766,10/11/2018,2.9,20,RETIRED,LOS ANGELES,276.6,0.09413386813737779,SENIOR,MIDDLE-AGED,188,2018,230.5,545.0,Project C,Prajwal,-53.81918357124968
531.0,GABRIEL WEBER,32,MALE,HR,2759,5/10/2016,5.0,7,RETIRED,LOS ANGELES,275.9,0.09325645525194284,MID,MIDDLE-AGED,189,2016,229.91666666666666,531.0,Project A,Prajwal,-53.93605476250104
739.0,MR. JOHN HILL II,36,FEMALE,SALES,2709,9/7/2021,2.9,9,RETIRED,LOS ANGELES,270.9,0.08698922035597895,SENIOR,MIDDLE-AGED,201,2021,225.75,739.0,Project D,,-54.40016979088399
735.0,REBECCA PADILLA,44,FEMALE,SALES,2683,9/30/2018,3.0,3,ACTIVE,LOS ANGELES,268.3,0.08373025821007771,MID,MIDDLE-AGED,202,2018,223.58333333333334,735.0,Project A,,-54.83782043150305
476.0,ALICIA MALONE,56,FEMALE,SALES,2646,1/12/2018,2.9,12,RETIRED,LOS ANGELES,264.6,0.07909250438706443,SENIOR,MIDDLE-AGED,203,2018,220.5,476.0,Project A,,-55.46063095853785
152.0,JULIE WILSON,58,MALE,SALES,2621,8/26/2018,2.9,16,ACTIVE,NEW YORK,262.1,0.07595888693908248,SENIOR,MIDDLE-AGED,204,2018,218.41666666666666,152.0,Project D,,-55.881448882210016
348.0,CLAIRE RANDALL,59,OTHER,IT,2593,7/29/2016,2.0,14,RETIRED,REMOTE,259.3,0.07244923539734269,SENIOR,MIDDLE-AGED,207,2016,216.08333333333334,348.0,Project D,Ayush,-55.40530944386871
64.0,KATHERINE CLARK,39,FEMALE,IT,2585,2/17/2023,2.0,2,ACTIVE,REMOTE,258.5,0.07144647781398847,JUNIOR,MIDDLE-AGED,208,2023,215.41666666666666,64.0,Project B,Ayush,-55.542894297107836
247.0,SHEILA GORDON,50,OTHER,SALES,2550,12/17/2021,2.9,15,RETIRED,NEW YORK,255.0,0.06705941338681373,SENIOR,MIDDLE-AGED,205,2021,212.5,247.0,Project C,,-57.076571785438965
751.0,MATTHEW ANDERSON,45,MALE,IT,2532,5/25/2021,3.0,7,ACTIVE,NEW YORK,253.2,0.06480320882426674,MID,MIDDLE-AGED,209,2021,211.0,751.0,Project C,Ayush,-56.45439394981704
169.0,TONYA ESTRADA,22,OTHER,SALES,2523,8/10/2022,2.0,4,RETIRED,REMOTE,252.3,0.06367510654299323,MID,YOUNG,206,2022,210.25,169.0,Project A,,-57.53105514300492
463.0,CHRISTOPHER STEVENS,57,OTHER,SALES,2495,1/30/2024,2.9,9,ACTIVE,NEW YORK,249.5,0.06016545500125345,SENIOR,MIDDLE-AGED,207,2024,207.91666666666666,463.0,Project A,,-58.002371217517734
376.0,JEFFREY NGUYEN,58,OTHER,HR,2489,3/20/2018,2.0,2,RETIRED,REMOTE,248.9,0.05941338681373778,JUNIOR,MIDDLE-AGED,198,2018,207.41666666666666,376.0,Project B,Prajwal,-58.44394356791051
129.0,SHAWN MARSHALL,28,OTHER,IT,2488,1/21/2019,2.9,6,ACTIVE,LOS ANGELES,248.8,0.0592880421158185,MID,YOUNG,210,2019,207.33333333333334,129.0,Project B,Ayush,-57.21111064263222
680.0,JEREMY GARCIA,58,FEMALE,HR,2477,10/8/2024,2.9,4,ACTIVE,NEW YORK,247.7,0.05790925043870644,MID,MIDDLE-AGED,199,2024,206.41666666666666,680.0,Project D,Prajwal,-58.64429418148427
748.0,ZOE CAMACHO,58,MALE,SALES,2451,11/22/2020,4.0,2,ACTIVE,NEW YORK,245.1,0.054650288292805216,JUNIOR,MIDDLE-AGED,210,2020,204.25,748.0,Project B,,-58.74301076318075
906.0,BRADLEY PARKER,36,OTHER,SALES,2371,3/16/2023,2.9,5,ACTIVE,LOS ANGELES,237.1,0.04462271245926297,MID,MIDDLE-AGED,212,2023,197.58333333333334,906.0,Project C,,-60.089628118931685
126.0,MICHAEL WILSON,38,OTHER,IT,2358,12/25/2016,3.0,14,ACTIVE,NEW YORK,235.8,0.04299323138631236,SENIOR,MIDDLE-AGED,215,2016,196.5,126.0,Project B,Ayush,-59.44686450776799
299.0,DAWN MCLAUGHLIN,45,MALE,SALES,2330,7/17/2015,2.9,17,RETIRED,NEW YORK,233.0,0.039483579844572576,SENIOR,MIDDLE-AGED,216,2015,194.16666666666666,299.0,Project A,,-60.77976951375405
943.0,LOGAN PETERSON,60,OTHER,IT,2300,2/17/2017,2.9,13,ACTIVE,NEW YORK,230.0,0.035723238906994234,SENIOR,SENIOR,217,2017,191.66666666666666,943.0,Project A,Ayush,-60.444354693751656
527.0,BRITTANY HOLT,55,MALE,IT,2247,2/18/2018,4.0,19,RETIRED,NEW YORK,224.7,0.029079969917272498,SENIOR,MIDDLE-AGED,218,2018,187.25,527.0,Project B,Ayush,-61.35585434646086
521.0,ANGELA JIMENEZ,44,OTHER,HR,2246,5/2/2016,2.0,6,RETIRED,REMOTE,224.6,0.02895462521935322,MID,MIDDLE-AGED,201,2016,187.16666666666666,521.0,Project A,Prajwal,-62.50104349277903
209.0,DARRELL BURNS,58,OTHER,SALES,2223,6/29/2024,2.9,8,ACTIVE,NEW YORK,222.3,0.026071697167209827,SENIOR,MIDDLE-AGED,218,2024,185.25,209.0,Project B,,-62.58087022707092
750.0,WILLIAM GARZA,36,MALE,IT,2162,5/22/2019,2.9,7,ACTIVE,NEW YORK,216.2,0.01842567059413387,MID,MIDDLE-AGED,220,2019,180.16666666666666,750.0,Project B,Ayush,-62.81769341212655
552.0,MELISSA ERICKSON,48,OTHER,IT,2152,7/4/2020,2.9,11,ACTIVE,LOS ANGELES,215.2,0.017172223614941088,SENIOR,MIDDLE-AGED,221,2020,179.33333333333334,552.0,Project B,Ayush,-62.98967447867546
188.0,ROBERT COLON,39,OTHER,HR,2149,5/10/2023,4.0,17,ACTIVE,NEW YORK,214.9,0.016796189521183252,SENIOR,MIDDLE-AGED,204,2023,179.08333333333334,188.0,Project D,Prajwal,-64.12054428583355
722.0,KELLY RIOS,60,OTHER,IT,2131,6/17/2015,4.0,19,ACTIVE,NEW YORK,213.1,0.014539984958636249,SENIOR,SENIOR,222,2015,177.58333333333334,722.0,Project D,Ayush,-63.35083471842816
206.0,JULIE HAYDEN,55,FEMALE,IT,2127,2/9/2019,2.9,8,ACTIVE,LOS ANGELES,212.7,0.014038606166959138,SENIOR,MIDDLE-AGED,223,2019,177.25,206.0,Project B,Ayush,-63.41962714504772
699.0,ASHLEY GARCIA,48,OTHER,SALES,2106,2/28/2020,2.0,3,ACTIVE,REMOTE,210.6,0.011406367510654299,MID,MIDDLE-AGED,220,2020,175.5,699.0,Project A,,-64.55029810985666
493.0,DR. THOMAS BROWN,42,OTHER,HR,2106,2/10/2017,2.0,9,ACTIVE,REMOTE,210.6,0.011406367510654299,SENIOR,MIDDLE-AGED,205,2017,175.5,493.0,Project A,Prajwal,-64.83846731780616
711.0,ELLEN BARKER,57,FEMALE,IT,2096,10/2/2016,5.0,2,RETIRED,NEW YORK,209.6,0.01015292053146152,JUNIOR,MIDDLE-AGED,224,2016,174.66666666666666,711.0,Project A,Ayush,-63.95276845134933
976.0,BRYCE ANDERSON,52,FEMALE,IT,2093,9/22/2020,2.9,14,ACTIVE,NEW YORK,209.3,0.009776886437703684,SENIOR,MIDDLE-AGED,225,2020,174.41666666666666,976.0,Project C,Ayush,-64.004362771314
842.0,TAMMY SMITH,30,FEMALE,SALES,2087,1/9/2015,5.0,6,RETIRED,LOS ANGELES,208.7,0.009024818250188017,MID,MIDDLE-AGED,221,2015,173.91666666666666,842.0,Project C,,-64.8701197318475
788.0,DAVID WILLIAMS,33,FEMALE,SALES,2078,9/22/2021,3.0,15,RETIRED,NEW YORK,207.8,0.007896715968914515,SENIOR,MIDDLE-AGED,222,2021,173.16666666666666,788.0,Project A,,-65.02161418436948
570.0,PAUL SMITH,35,OTHER,IT,2042,12/22/2016,2.9,4,ACTIVE,NEW YORK,204.2,0.003384306843820506,MID,MIDDLE-AGED,226,2016,170.16666666666666,570.0,Project D,Ayush,-64.88146621071343
883.0,JACLYN COLLINS,47,MALE,IT,2029,12/5/2019,2.9,17,ACTIVE,LOS ANGELES,202.9,0.0017548257708698922,SENIOR,MIDDLE-AGED,227,2019,169.08333333333334,883.0,Project D,Ayush,-65.105041597227
474.0,DAVID POTTER,56,MALE,IT,2016,7/13/2020,2.9,18,ACTIVE,NEW YORK,201.6,0.000125344697919278,SENIOR,MIDDLE-AGED,228,2020,168.0,474.0,Project C,Ayush,-65.32861698374059
